Time,G,X,I,u,D
2026-08-12 00:03:00,142.32938562642252,0.0,0.0,0.02112267499992533,0.0
2026-08-12 00:06:00,141.70193766559126,0.0,0.0,0.02112267499992533,0.0
2026-08-12 00:09:00,141.1653811706319,0.0,0.0,0.02112267499992533,0.0
2026-08-12 00:12:00,140.8302354435809,0.0,0.0,0.02112267499992533,0.0
2026-08-12 00:15:00,140.80701978284827,0.0,0.0,0.02112267499992533,0.0
2026-08-12 00:18:00,141.20625348191942,0.0,0.0,0.02112267499992533,0.0
2026-08-12 00:21:00,142.13845582864354,0.0,0.0,0.02112267499992533,0.0
2026-08-12 00:24:00,143.71414610505315,0.0,0.0,0.02112267499992533,0.0
2026-08-12 00:27:00,146.01076590600803,0.0,0.0,0.02112267499992533,0.0
2026-08-12 00:30:00,148.90729073179662,0.0,0.0,0.02112267499992533,0.0
2026-08-12 00:33:00,151.9849969440596,0.0,0.0,0.02112267499992533,0.0
2026-08-12 00:36:00,154.75900553758396,0.0,0.0,0.02112267499992533,0.0
2026-08-12 00:39:00,156.74443750422296,0.0,0.0,0.02112267499992533,0.0
2026-08-12 00:42:00,157.50490168695578,0.0,0.0,0.02112267499992533,0.0
2026-08-12 00:45:00,156.89493404717527,0.0,0.0,0.02112267499992533,0.0
2026-08-12 00:48:00,155.2054612252805,0.0,0.0,0.02112267499992533,0.0
2026-08-12 00:51:00,152.8243855680241,0.0,0.0,0.02112267499992533,0.0
2026-08-12 00:54:00,150.1396094223827,0.0,0.0,0.02112267499992533,0.0
2026-08-12 00:57:00,147.52698820422347,0.0,0.0,0.02112267499992533,0.0
2026-08-12 01:00:00,145.29009573981506,0.0,0.0,0.02112267499992533,0.0
2026-08-12 01:03:00,143.62408347082726,0.0,0.0,0.02112267499992533,0.0
2026-08-12 01:06:00,142.70000897701178,0.0,0.0,0.02112267499992533,0.0
2026-08-12 01:09:00,142.68892983996838,0.0,0.0,0.02112267499992533,0.0
2026-08-12 01:12:00,143.73078329347567,0.0,0.0,0.02112267499992533,0.0
2026-08-12 01:15:00,145.778784474403,0.0,0.0,0.02112267499992533,0.0
2026-08-12 01:18:00,148.50606537327903,0.0,0.0,0.02112267499992533,0.0
2026-08-12 01:21:00,151.52351728328324,0.0,0.0,0.02112267499992533,0.0
2026-08-12 01:24:00,154.4420314999852,0.0,0.0,0.02112267499992533,0.0
2026-08-12 01:27:00,156.8923913127706,0.0,0.0,0.02112267499992533,0.0
2026-08-12 01:30:00,158.6247319618489,0.0,0.0,0.02112267499992533,0.0
2026-08-12 01:33:00,159.56821661244376,0.0,0.0,0.02112267499992533,0.0
2026-08-12 01:36:00,159.6917924149659,0.0,0.0,0.02112267499992533,0.0
2026-08-12 01:39:00,158.9644065221755,0.0,0.0,0.02112267499992533,0.0
2026-08-12 01:42:00,157.37931444511997,0.0,0.0,0.02112267499992533,0.0
2026-08-12 01:45:00,155.07562183300547,0.0,0.0,0.02112267499992533,0.0
2026-08-12 01:48:00,152.41120954108987,0.0,0.0,0.02112267499992533,0.0
2026-08-12 01:51:00,149.7925751387141,0.0,0.0,0.02112267499992533,0.0
2026-08-12 01:54:00,147.62621619725678,0.0,0.0,0.02112267499992533,0.0
2026-08-12 01:57:00,146.2794991415734,0.0,0.0,0.02112267499992533,0.0
2026-08-12 02:00:00,145.88500350750223,0.0,0.0,0.02112267499992533,0.0
2026-08-12 02:03:00,146.22312849633374,0.0,0.0,0.02112267499992533,0.0
2026-08-12 02:06:00,146.9960110141064,0.0,0.0,0.02112267499992533,0.0
2026-08-12 02:09:00,147.90578796848817,0.0,0.0,0.02112267499992533,0.0
2026-08-12 02:12:00,148.6545962686927,0.0,0.0,0.02112267499992533,0.0
2026-08-12 02:15:00,148.94457282539562,0.0,0.0,0.02112267499992533,0.0
2026-08-12 02:18:00,148.477854550652,0.0,0.0,0.02112267499992533,0.0
2026-08-12 02:21:00,146.9565783578151,0.0,0.0,0.02112267499992533,0.0
2026-08-12 02:24:00,144.08288116145619,0.0,0.0,0.02112267499992533,0.0
2026-08-12 02:27:00,140.51120563746005,0.0,0.0,0.02112267499992533,0.0
2026-08-12 02:30:00,138.0392450051785,0.0,0.0,0.02112267499992533,0.0
2026-08-12 02:33:00,136.76426307708374,0.0,0.0,0.02112267499992533,0.0
2026-08-12 02:36:00,136.42810876260043,0.0,0.0,0.02112267499992533,0.0
2026-08-12 02:39:00,136.7726309720019,0.0,0.0,0.02112267499992533,0.0
2026-08-12 02:42:00,137.53967861634297,0.0,0.0,0.02112267499992533,0.0
2026-08-12 02:45:00,138.47110060739544,0.0,0.0,0.02112267499992533,0.0
2026-08-12 02:48:00,139.30874585758613,0.0,0.0,0.02112267499992533,0.0
2026-08-12 02:51:00,139.79446327993756,0.0,0.0,0.02112267499992533,0.0
2026-08-12 02:54:00,139.6701017880107,0.0,0.0,0.02112267499992533,0.0
2026-08-12 02:57:00,138.7061221734997,0.0,0.0,0.02112267499992533,0.0
2026-08-12 03:00:00,136.84465649442419,0.0,0.0,0.02112267499992533,0.0
2026-08-12 03:03:00,134.28534370802657,0.0,0.0,0.02112267499992533,0.0
2026-08-12 03:06:00,131.2850465271829,0.0,0.0,0.02112267499992533,0.0
2026-08-12 03:09:00,128.10062766506076,0.0,0.0,0.02112267499992533,0.0
2026-08-12 03:12:00,124.98209701255982,0.0,0.0,0.02112267499992533,0.0
2026-08-12 03:15:00,122.13834752568832,0.0,0.0,0.02112267499992533,0.0
2026-08-12 03:18:00,119.71659675797457,0.0,0.0,0.02112267499992533,0.0
2026-08-12 03:21:00,117.85035661804918,0.0,0.0,0.02112267499992533,0.0
2026-08-12 03:24:00,116.67313901464496,0.0,0.0,0.02112267499992533,0.0
2026-08-12 03:27:00,116.29189961884845,0.0,0.0,0.02112267499992533,0.0
2026-08-12 03:30:00,116.65425667548348,0.0,0.0,0.02112267499992533,0.0
2026-08-12 03:33:00,117.4688222899316,0.0,0.0,0.02112267499992533,0.0
2026-08-12 03:36:00,118.3910960921274,0.0,0.0,0.02112267499992533,0.0
2026-08-12 03:39:00,119.07657771196918,0.0,0.0,0.02112267499992533,0.0
2026-08-12 03:42:00,119.22144837576772,0.0,0.0,0.02112267499992533,0.0
2026-08-12 03:45:00,118.76597888858214,0.0,0.0,0.02112267499992533,0.0
2026-08-12 03:48:00,118.01657442361449,0.0,0.0,0.02112267499992533,0.0
2026-08-12 03:51:00,117.36100334689228,0.0,0.0,0.02112267499992533,0.0
2026-08-12 03:54:00,117.18703402430972,0.0,0.0,0.02112267499992533,0.0
2026-08-12 03:57:00,117.83757164119137,0.0,0.0,0.02112267499992533,0.0
2026-08-12 04:00:00,119.38634230017409,0.0,0.0,0.02112267499992533,0.0
2026-08-12 04:03:00,121.5033034799317,0.0,0.0,0.02112267499992533,0.0
2026-08-12 04:06:00,123.76868629810934,0.0,0.0,0.02112267499992533,0.0
2026-08-12 04:09:00,125.76272187215444,0.0,0.0,0.02112267499992533,0.0
2026-08-12 04:12:00,127.09737983798445,0.0,0.0,0.02112267499992533,0.0
2026-08-12 04:15:00,127.5750609433633,0.0,0.0,0.02112267499992533,0.0
2026-08-12 04:18:00,127.28381260392507,0.0,0.0,0.02112267499992533,0.0
2026-08-12 04:21:00,126.37515927242782,0.0,0.0,0.02112267499992533,0.0
2026-08-12 04:24:00,125.00062540139331,0.0,0.0,0.02112267499992533,0.0
2026-08-12 04:27:00,123.31626120748143,0.0,0.0,0.02112267499992533,0.0
2026-08-12 04:30:00,121.50527149338421,0.0,0.0,0.02112267499992533,0.0
2026-08-12 04:33:00,119.79159294096051,0.0,0.0,0.02112267499992533,0.0
2026-08-12 04:36:00,118.40821376057542,0.0,0.0,0.02112267499992533,0.0
2026-08-12 04:39:00,117.58812216233856,0.0,0.0,0.02112267499992533,0.0
2026-08-12 04:42:00,117.56430635610178,0.0,0.0,0.02112267499992533,0.0
2026-08-12 04:45:00,118.56975455145762,0.0,0.0,0.02112267499992533,0.0
2026-08-12 04:48:00,120.83745495773834,0.0,0.0,0.02112267499992533,0.0
2026-08-12 04:51:00,124.60039578401538,0.0,0.0,0.02112267499992533,0.0
2026-08-12 04:54:00,130.09156523909888,0.0,0.0,0.02112267499992533,0.0
2026-08-12 04:57:00,134.1509144892265,0.0,0.0,0.02112267499992533,0.0
2026-08-12 05:00:00,133.10051609501784,0.0,0.0,0.02112267499992533,0.0
2026-08-12 05:03:00,132.78659838146697,0.0,0.0,0.02112267499992533,0.0
2026-08-12 05:06:00,133.03091928551612,0.0,0.0,0.02112267499992533,0.0
2026-08-12 05:09:00,133.65523674385076,0.0,0.0,0.02112267499992533,0.0
2026-08-12 05:12:00,134.48130869290128,0.0,0.0,0.02112267499992533,0.0
2026-08-12 05:15:00,135.33089306884483,0.0,0.0,0.02112267499992533,0.0
2026-08-12 05:18:00,136.02574780760781,0.0,0.0,0.02112267499992533,0.0
2026-08-12 05:21:00,136.3876308448681,0.0,0.0,0.02112267499992533,0.0
2026-08-12 05:24:00,136.2383001160576,0.0,0.0,0.02112267499992533,0.0
2026-08-12 05:27:00,135.4253266451538,0.0,0.0,0.02112267499992533,0.0
2026-08-12 05:30:00,133.95115998862772,0.0,0.0,0.02112267499992533,0.0
2026-08-12 05:33:00,132.0505675018133,0.0,0.0,0.02112267499992533,0.0
2026-08-12 05:36:00,130.00994271738824,0.0,0.0,0.02112267499992533,0.0
2026-08-12 05:39:00,128.11567916779924,0.0,0.0,0.02112267499992533,0.0
2026-08-12 05:42:00,126.63542538546838,0.0,0.0,0.02112267499992533,0.0
2026-08-12 05:45:00,125.72435990381142,0.0,0.0,0.02112267499992533,0.0
2026-08-12 05:48:00,125.3689562578503,0.0,0.0,0.02112267499992533,0.0
2026-08-12 05:51:00,125.51819798279573,0.0,0.0,0.02112267499992533,0.0
2026-08-12 05:54:00,126.12106861364464,0.0,0.0,0.02112267499992533,0.0
2026-08-12 05:57:00,127.11420857542291,0.0,0.0,0.02112267499992533,0.0
2026-08-12 06:00:00,128.3601996343836,0.0,0.0,0.02112267499992533,0.0
2026-08-12 06:03:00,129.61053556872716,0.0,0.0,0.02112267499992533,0.0
2026-08-12 06:06:00,130.59202393693295,0.0,0.0,0.02112267499992533,0.0
2026-08-12 06:09:00,131.03147229728486,0.0,0.0,0.02112267499992533,0.0
2026-08-12 06:12:00,130.69547979109214,0.0,0.0,0.02112267499992533,0.0
2026-08-12 06:15:00,129.5893950587785,0.0,0.0,0.02112267499992533,0.0
2026-08-12 06:18:00,128.07669098953693,0.0,0.0,0.02112267499992533,0.0
2026-08-12 06:21:00,126.60042363881387,0.0,0.0,0.02112267499992533,0.0
2026-08-12 06:24:00,125.60364906187863,0.0,0.0,0.02112267499992533,0.0
2026-08-12 06:27:00,125.48097719192731,0.0,0.0,0.02112267499992533,0.0
2026-08-12 06:30:00,126.33634123058805,0.0,0.0,0.02112267499992533,0.0
2026-08-12 06:33:00,127.83765928222519,0.0,0.0,0.02112267499992533,0.0
2026-08-12 06:36:00,129.55595720724085,0.0,0.0,0.02112267499992533,0.0
2026-08-12 06:39:00,131.0622608658777,0.0,0.0,0.02112267499992533,0.0
2026-08-12 06:42:00,131.96635052740058,0.0,0.0,0.02112267499992533,0.0
2026-08-12 06:45:00,132.11053291598887,0.0,0.0,0.02112267499992533,0.0
2026-08-12 06:48:00,131.68590443827384,0.0,0.0,0.02112267499992533,0.0
2026-08-12 06:51:00,130.96107031909662,0.0,0.0,0.02112267499992533,0.0
2026-08-12 06:54:00,130.20463578315565,0.0,0.0,0.02112267499992533,0.0
2026-08-12 06:57:00,129.66464675817681,0.0,0.0,0.02112267499992533,0.0
2026-08-12 07:00:00,129.46579339075032,0.0,0.0,0.02112267499992533,0.0
2026-08-12 07:03:00,129.5477321558341,0.0,0.0,0.02112267499992533,0.0
2026-08-12 07:06:00,129.80900093458956,0.0,0.0,0.02112267499992533,0.0
2026-08-12 07:09:00,130.148137608051,0.0,0.0,0.02112267499992533,0.0
2026-08-12 07:12:00,130.46368005712847,0.0,0.0,0.02112267499992533,0.0
2026-08-12 07:15:00,130.65416616261092,0.0,0.0,0.02112267499992533,0.0
2026-08-12 07:18:00,130.6181338051688,0.0,0.0,0.02112267499992533,0.0
2026-08-12 07:21:00,130.25412086535687,0.0,0.0,0.02112267499992533,0.0
2026-08-12 07:24:00,129.4606652236169,0.0,0.0,0.02112267499992533,0.0
2026-08-12 07:27:00,130.31206972142874,0.0,0.0,0.02112267499992533,0.0
2026-08-12 07:30:00,134.83864473644755,0.0,0.0,0.02112267499992533,0.0
2026-08-12 07:33:00,138.54223963290895,0.0,0.0,0.02112267499992533,0.0
2026-08-12 07:36:00,141.44987129237063,0.0,0.0,0.02112267499992533,0.0
2026-08-12 07:39:00,143.58855659629018,0.0,0.0,0.02112267499992533,0.0
2026-08-12 07:42:00,144.9853124260275,0.0,0.0,0.02112267499992533,0.0
2026-08-12 07:45:00,145.66715566284702,0.0,0.0,0.02112267499992533,0.0
2026-08-12 07:48:00,145.66110318792013,0.0,0.0,0.02112267499992533,0.0
2026-08-12 07:51:00,144.9941718823274,0.0,0.0,0.02112267499992533,0.0
2026-08-12 07:54:00,143.69337862706075,0.0,0.0,0.02112267499992533,0.0
2026-08-12 07:57:00,141.80766231797503,0.0,0.0,0.02112267499992533,0.0
2026-08-12 08:00:00,139.51749394053843,0.0,0.0,0.02112267499992533,0.0
2026-08-12 08:03:00,137.20076736026982,954.4028364400065,35.01739917253201,0.02112267499992533,15.0
2026-08-12 08:06:00,135.28351139756992,3478.064369362703,277.8009395913289,1.5211226749999254,0.0
2026-08-12 08:09:00,134.21424765293077,7150.014978254346,842.2113354418589,0.02112267499992533,0.0
2026-08-12 08:12:00,134.42860424510957,10676.853955202609,1735.3225277953845,0.02112267499992533,0.0
2026-08-12 08:15:00,136.05088124808782,13191.614093560645,2764.5200147676564,0.02112267499992533,0.0
2026-08-12 08:18:00,138.68381438800097,14919.772807329826,3770.0295539597187,0.02112267499992533,0.0
2026-08-12 08:21:00,141.78220764484715,16070.600990433275,4634.4496685235235,0.02112267499992533,0.0
2026-08-12 08:24:00,144.74811380165818,16849.230500344245,5263.637634495179,0.02112267499992533,0.0
2026-08-12 08:27:00,146.99607651186153,17443.142826313655,5594.848982787136,0.02112267499992533,0.0
2026-08-12 08:30:00,148.31813536666823,17978.89966164711,5628.445371452424,0.02112267499992533,0.0
2026-08-12 08:33:00,149.11297558383657,18501.963133994395,5430.5270258978535,0.02112267499992533,0.0
2026-08-12 08:36:00,149.89874946859584,19007.00094255357,5090.925107996179,0.02112267499992533,0.0
2026-08-12 08:39:00,151.19313950923487,19475.381525696383,4685.619406581768,0.02112267499992533,0.0
2026-08-12 08:42:00,153.46228714978562,19892.384455539006,4265.778736858952,0.02112267499992533,0.0
2026-08-12 08:45:00,156.77748940156852,20250.330719738125,3861.4329090873957,0.02112267499992533,0.0
2026-08-12 08:48:00,160.60458947580153,20547.13012213257,3488.1209131550418,0.02112267499992533,0.0
2026-08-12 08:51:00,164.29377246020059,20784.27984425163,3152.37401086953,0.02112267499992533,0.0
2026-08-12 08:54:00,167.21528644411023,20965.32359746749,2855.459908811691,0.02112267499992533,0.0
2026-08-12 08:57:00,168.81205687838872,21094.831426766974,2595.756558335473,0.02112267499992533,0.0
2026-08-12 09:00:00,168.8835836760485,21177.765544974718,2370.2007313381264,0.02112267499992533,0.0
2026-08-12 09:03:00,167.7553357428992,21219.10133741004,2175.146714196191,0.02112267499992533,0.0
2026-08-12 09:06:00,165.8720657771822,21223.610068860206,2006.858407633428,0.02112267499992533,0.0
2026-08-12 09:09:00,163.6804176452467,21195.742237767245,1861.7770425372291,0.02112267499992533,0.0
2026-08-12 09:12:00,161.60468065615413,21139.57288956035,1736.6535185290902,0.02112267499992533,0.0
2026-08-12 09:15:00,159.93150363166149,21058.78458868529,1628.6006441591921,0.02112267499992533,0.0
2026-08-12 09:18:00,158.7407065373173,20956.67279623872,1535.0994249473401,0.02112267499992533,0.0
2026-08-12 09:21:00,158.06510952092833,20836.164066620764,1453.9803443509143,0.02112267499992533,0.0
2026-08-12 09:24:00,157.93614061208166,20699.841039002287,1383.392339195075,0.02112267499992533,0.0
2026-08-12 09:27:00,158.37510809127204,20549.970453639206,1321.7670271411416,0.02112267499992533,0.0
2026-08-12 09:30:00,159.3497804408231,20388.531859047547,1267.7825433894648,0.02112267499992533,0.0
2026-08-12 09:33:00,160.7483897611654,20217.24559552089,1220.329365872671,0.02112267499992533,0.0
2026-08-12 09:36:00,162.4405647210399,20037.59923060857,1178.479300508955,0.02112267499992533,0.0
2026-08-12 09:39:00,164.2948120848956,19850.872000267333,1141.4580755537957,0.02112267499992533,0.0
2026-08-12 09:42:00,166.1785777409568,19658.1570497489,1108.6215761198798,0.02112267499992533,0.0
2026-08-12 09:45:00,167.95832856936096,19460.381418470555,1079.4355217823625,0.02112267499992533,0.0
2026-08-12 09:48:00,169.49974845731458,19258.32380389699,1053.458278870917,0.02112267499992533,0.0
2026-08-12 09:51:00,170.66785316098483,19052.630190888118,1030.326458239122,0.02112267499992533,0.0
2026-08-12 09:54:00,171.32706112222294,18843.827458165684,1009.7429497368151,0.02112267499992533,0.0
2026-08-12 09:57:00,171.58544116115604,18632.335081115616,991.4670680052105,0.02112267499992533,0.0
2026-08-12 10:00:00,171.73863740480402,18418.47504564888,975.3065193423554,0.02112267499992533,0.0
2026-08-12 10:03:00,171.59951451402858,18202.480074812745,961.1109395701635,0.02112267499992533,0.0
2026-08-12 10:06:00,171.2171121965065,17984.500250358506,948.7667943290091,0.02112267499992533,0.0
2026-08-12 10:09:00,170.64014996842218,17764.608086552784,938.193474187341,0.02112267499992533,0.0
2026-08-12 10:12:00,169.91706738372906,17542.802083347862,929.340456789262,0.02112267499992533,0.0
2026-08-12 10:15:00,169.0960603652835,17319.008750047917,922.1854472387345,0.02112267499992533,0.0
2026-08-12 10:18:00,168.225114269486,17093.083047535252,916.7334469442302,0.02112267499992533,0.0
2026-08-12 10:21:00,167.35203431695686,16864.807144861395,913.0167416872038,0.02112267499992533,0.0
2026-08-12 10:24:00,166.52447401773338,16633.887321485854,911.0958437661772,0.02112267499992533,0.0
2026-08-12 10:27:00,165.7788388768159,16399.948765334513,911.0614734116187,0.02112267499992533,0.0
2026-08-12 10:30:00,165.08469599260096,16162.527913175727,913.0377248272011,0.02112267499992533,0.0
2026-08-12 10:33:00,164.3114302896143,15921.061845429576,917.1866368685511,0.02112267499992533,0.0
2026-08-12 10:36:00,163.3061348772544,15674.874071460677,923.7144836242508,0.02112267499992533,0.0
2026-08-12 10:39:00,161.91588621861044,15423.155809165839,932.8802238140265,0.02112267499992533,0.0
2026-08-12 10:42:00,160.01126399062838,15164.941555788446,945.0067094457681,0.02112267499992533,0.0
2026-08-12 10:45:00,157.6038301060312,14899.077343502066,960.4954638116884,0.02112267499992533,0.0
2026-08-12 10:48:00,154.91663522700355,14624.179551659834,979.8461042744656,0.02112267499992533,0.0
2026-08-12 10:51:00,152.21984378016276,14338.58149730478,1003.6818019438043,0.02112267499992533,0.0
2026-08-12 10:54:00,149.78381281587147,14040.264277533159,1032.7824976902602,0.02112267499992533,0.0
2026-08-12 10:57:00,147.85420683269726,13726.767638558904,1068.1277969557386,0.02112267499992533,0.0
2026-08-12 11:00:00,146.52731156062436,13395.076438042439,1110.9511777969026,0.02112267499992533,0.0
2026-08-12 11:03:00,145.67527820704527,13041.479697425051,1162.805454852519,0.02112267499992533,0.0
2026-08-12 11:06:00,145.1209393395221,12661.405084080714,1225.6341948985203,0.02112267499992533,0.0
2026-08-12 11:09:00,144.68788578080532,12249.248238638045,1301.8301679337328,0.02112267499992533,0.0
2026-08-12 11:12:00,144.2216543483724,11798.256990679987,1394.2300336372512,0.02112267499992533,0.0
2026-08-12 11:15:00,143.6948794543018,11300.619386625627,1505.9271258361484,0.02112267499992533,0.0
2026-08-12 11:18:00,143.2704775549311,10748.070657366634,1639.6643626339942,0.02112267499992533,0.0
2026-08-12 11:21:00,143.15491237568733,10133.555431915422,1796.4311277775516,0.02112267499992533,0.0
2026-08-12 11:24:00,143.5561065722037,9454.49768279828,1972.9713445794303,0.02112267499992533,0.0
2026-08-12 11:27:00,144.6586554932428,8717.324179002071,2158.801288627874,0.02112267499992533,0.0
2026-08-12 11:30:00,146.50177627752356,7940.596546012219,2335.224601096915,0.02112267499992533,0.0
2026-08-12 11:33:00,148.90428036649973,7152.743367276146,2479.380250212001,0.02112267499992533,0.0
2026-08-12 11:36:00,151.62974012545345,6384.103877543026,2572.271731923666,0.02112267499992533,0.0
2026-08-12 11:39:00,154.43219394111742,5658.793324863891,2604.93758336539,0.02112267499992533,0.0
2026-08-12 11:42:00,157.0629076842731,4991.332684673125,2578.948936334705,0.02112267499992533,0.0
2026-08-12 11:45:00,159.30752824739258,4387.724045533479,2502.9367449865135,0.02112267499992533,0.0
2026-08-12 11:48:00,161.0106094919658,3848.171934396777,2388.540774590728,0.02112267499992533,0.0
2026-08-12 11:51:00,162.030181830932,3369.5618758785017,2247.5427576679067,0.02112267499992533,0.0
2026-08-12 11:54:00,162.2266270524024,2947.1613286099127,2090.355781203545,0.02112267499992533,0.0
2026-08-12 11:57:00,161.48951518790213,2575.6397737217567,1925.4611181137245,0.02112267499992533,0.0
2026-08-12 12:00:00,159.86340356736696,2249.6329179019103,1759.372961929941,0.02112267499992533,0.0
2026-08-12 12:03:00,157.62293615683305,1964.0334661854365,1596.848483344219,0.02112267499992533,0.0
2026-08-12 12:06:00,155.0976401257416,1714.1263465890815,1441.1833778628663,0.02112267499992533,0.0
2026-08-12 12:09:00,152.62135922678075,1495.6381329394856,1294.51239776624,0.02112267499992533,0.0
2026-08-12 12:12:00,150.5315341213693,1304.7404358469294,1158.0792407134763,0.02112267499992533,0.0
2026-08-12 12:15:00,149.16846911060117,1138.0296000063943,1032.4636286800646,0.02112267499992533,0.0
2026-08-12 12:18:00,148.8746470256307,992.4951692588579,917.7648210343377,0.02112267499992533,0.0
2026-08-12 12:21:00,149.99412443070673,865.4840227539016,813.7457984554234,0.02112267499992533,0.0
2026-08-12 12:24:00,152.87201960071872,754.6639522286504,719.9440760100484,0.02112267499992533,0.0
2026-08-12 12:27:00,155.7868702159483,657.9886760074093,635.7552443224048,0.02112267499992533,0.0
2026-08-12 12:30:00,155.89946880761244,573.6652770448543,560.4947815375574,0.02112267499992533,0.0
2026-08-12 12:33:00,155.38649214118377,500.1244800221968,493.4428750986376,0.02112267499992533,0.0
2026-08-12 12:36:00,154.39057470087067,435.9938607578477,433.87615989557503,0.02112267499992533,0.0
2026-08-12 12:39:00,153.05407548222672,380.0739047046392,381.0895161211845,0.02112267499992533,0.0
2026-08-12 12:42:00,151.51898385037953,331.3167394988186,334.410412469649,0.02112267499992533,0.0
2026-08-12 12:45:00,149.9268598697358,288.80732412408406,293.20773398514814,0.02112267499992533,0.0
2026-08-12 12:48:00,148.41880137178498,251.74686347946283,256.89659082267497,0.02112267499992533,0.0
2026-08-12 12:51:00,147.13543131454517,219.43821964524065,224.94025091526322,0.02112267499992533,0.0
2026-08-12 12:54:00,146.21690016517374,191.27310254380706,196.85006140649787,0.02112267499992533,0.0
2026-08-12 12:57:00,145.7872619296685,166.7208385718476,172.1840069238037,0.02112267499992533,0.0
2026-08-12 13:00:00,145.8763090520136,145.31853350104043,150.54438523717258,0.02112267499992533,0.0
2026-08-12 13:03:00,146.37269416564885,1086.8153837726572,161.80657599994672,0.02112267499992533,23.333333333333332
2026-08-12 13:06:00,147.137393746803,3594.268295963757,389.0826261124773,2.354456008333259,0.0
2026-08-12 13:09:00,148.0537045593663,7251.739273136764,940.0799449868756,0.02112267499992533,0.0
2026-08-12 13:12:00,149.06360859072421,11726.668481820147,1851.15357604289,0.02112267499992533,0.0
2026-08-12 13:15:00,150.22949597633965,16636.395083134747,3117.9255610156893,0.02112267499992533,0.0
2026-08-12 13:18:00,151.75697421135996,20476.47424649997,4610.816055122261,0.02112267499992533,0.0
2026-08-12 13:21:00,153.8865354834389,23121.741349732383,6076.264913184831,0.02112267499992533,0.0
2026-08-12 13:24:00,156.82632727629786,24900.091370305767,7326.1254246321705,0.02112267499992533,0.0
2026-08-12 13:27:00,160.6921139259676,26131.30347501106,8211.5091438148,0.02112267499992533,0.0
2026-08-12 13:30:00,165.3904924176756,27097.13526029137,8642.493917628572,0.02112267499992533,0.0
2026-08-12 13:33:00,170.55935850197972,27975.343279715697,8633.52733939102,0.02112267499992533,0.0
2026-08-12 13:36:00,175.72700268541658,28823.00616435932,8293.089093760516,0.02112267499992533,0.0
2026-08-12 13:39:00,180.38635340300632,29629.246465227432,7755.683234607986,0.02112267499992533,0.0
2026-08-12 13:42:00,184.0729504822272,30367.994720722843,7130.878236669702,0.02112267499992533,0.0
2026-08-12 13:45:00,186.58888854679452,31019.948505032702,6491.194206820314,0.02112267499992533,0.0
2026-08-12 13:48:00,188.13237335348657,31575.902038087468,5878.747923306039,0.02112267499992533,0.0
2026-08-12 13:51:00,189.02359539256327,32034.41233452391,5315.0571729513495,0.02112267499992533,0.0
2026-08-12 13:54:00,189.62036596220278,32398.938632928457,4808.884820444081,0.02112267499992533,0.0
2026-08-12 13:57:00,190.27860560527424,32675.68182152284,4361.556480193506,0.02112267499992533,0.0
2026-08-12 14:00:00,191.1873041296298,32872.16177237426,3970.329235607854,0.02112267499992533,0.0
2026-08-12 14:03:00,192.26747018919912,32996.33587503806,3630.4493370704354,0.02112267499992533,0.0
2026-08-12 14:06:00,193.3867117048777,33056.07496721119,3336.373094249448,0.02112267499992533,0.0
2026-08-12 14:09:00,194.4180606327974,33058.866037293,3082.4664372931425,0.02112267499992533,0.0
2026-08-12 14:12:00,195.25004668101056,33011.656226242834,2863.384575963719,0.02112267499992533,0.0
2026-08-12 14:15:00,195.84947670665102,32920.783786903055,2674.258255317247,0.02112267499992533,0.0
2026-08-12 14:18:00,196.2989918740833,32791.96175281841,2510.765436300097,0.02112267499992533,0.0
2026-08-12 14:21:00,196.70560840863953,32630.292760838758,2369.1372404982435,0.02112267499992533,0.0
2026-08-12 14:24:00,197.1743664207906,32440.301456508998,2246.1281915316595,0.02112267499992533,0.0
2026-08-12 14:27:00,197.79323806203126,32225.975951000888,2138.9690000988267,0.02112267499992533,0.0
2026-08-12 14:30:00,198.55865660326214,31990.81299797563,2045.3127628542943,0.02112267499992533,0.0
2026-08-12 14:33:00,199.33091786724623,31737.863602071993,1963.1808436771616,0.02112267499992533,0.0
2026-08-12 14:36:00,199.93849261467324,31469.77708110443,1890.9118558007897,0.02112267499992533,0.0
2026-08-12 14:39:00,200.20794751500733,31188.842445480772,1827.1154201809143,0.02112267499992533,0.0
2026-08-12 14:42:00,199.96411066332246,30897.026496928567,1770.6313314906788,0.02112267499992533,0.0
2026-08-12 14:45:00,199.03023928779652,30596.008389998537,1720.4941590247968,0.02112267499992533,0.0
2026-08-12 14:48:00,197.22818204958207,30287.21061187254,1675.9029803852857,0.02112267499992533,0.0
2026-08-12 14:51:00,194.37853154096632,29971.826462746965,1636.1957857823338,0.02112267499992533,0.0
2026-08-12 14:54:00,190.30076475210504,29650.84418923416,1600.8280331016538,0.02112267499992533,0.0
2026-08-12 14:57:00,186.55730192790935,29325.067955659142,1569.3548361666233,0.02112267499992533,0.0
2026-08-12 15:00:00,185.16500538002745,28995.135845158355,1541.416304324825,0.02112267499992533,0.0
2026-08-12 15:03:00,183.43537232964485,28661.535072087976,1516.7256043143886,0.02112267499992533,0.0
2026-08-12 15:06:00,181.40023548131552,28324.614564421954,1495.0593756259977,0.02112267499992533,0.0
2026-08-12 15:09:00,179.09089553745855,27984.59504246361,1476.2501928585116,0.02112267499992533,0.0
2026-08-12 15:12:00,176.53822544735144,27641.576679641417,1460.1808302412792,0.02112267499992533,0.0
2026-08-12 15:15:00,173.77270498519957,27295.54438248373,1446.780143783735,0.02112267499992533,0.0
2026-08-12 15:18:00,170.8244595248735,26946.37066901648,1436.0204459169845,0.02112267499992533,0.0
2026-08-12 15:21:00,167.72330037085166,26593.81605560909,1427.9163074982594,0.02112267499992533,0.0
2026-08-12 15:24:00,164.4987653040246,26237.526778232907,1422.5247850125165,0.02112267499992533,0.0
2026-08-12 15:27:00,161.19001015150195,25877.029570142786,1419.947139991623,0.02112267499992533,0.0
2026-08-12 15:30:00,157.89510537464685,25511.723087072976,1420.3321974332375,0.02112267499992533,0.0
2026-08-12 15:33:00,154.80063010906179,25140.865403413147,1423.881586082349,0.02112267499992533,0.0
2026-08-12 15:36:00,152.1127537172283,24763.556785238896,1430.857223391889,0.02112267499992533,0.0
2026-08-12 15:39:00,150.03757563749818,24378.71666069785,1441.591561652028,0.02112267499992533,0.0
2026-08-12 15:42:00,148.76122813314166,23985.053331653355,1456.5013117016417,0.02112267499992533,0.0
2026-08-12 15:45:00,148.35021300653253,23581.02447301617,1476.105621882013,0.02112267499992533,0.0
2026-08-12 15:48:00,148.69162961997404,23164.785813281338,1501.0500282872529,0.02112267499992533,0.0
2026-08-12 15:51:00,149.63283723318264,22734.124548548247,1532.1379183501972,0.02112267499992533,0.0
2026-08-12 15:54:00,151.02141593578193,22286.37300175707,1570.3717515498388,0.02112267499992533,0.0
2026-08-12 15:57:00,152.69969648179335,21818.29686332198,1617.0067818601547,0.02112267499992533,0.0
2026-08-12 16:00:00,154.4770652082011,21325.95131016619,1673.6202822349806,0.02112267499992533,0.0
2026-08-12 16:03:00,156.1134184462713,20804.498189134443,1742.1986293124137,0.02112267499992533,0.0
2026-08-12 16:06:00,157.35826500801758,20247.980301924283,1825.2414564108071,0.02112267499992533,0.0
2026-08-12 16:09:00,157.9620658067878,19649.05951643363,1925.8726552483265,0.02112267499992533,0.0
2026-08-12 16:12:00,157.71482354382422,18998.754956990808,2047.9239505198032,0.02112267499992533,0.0
2026-08-12 16:15:00,156.63800947858596,18286.28874439563,2195.901163243086,0.02112267499992533,0.0
2026-08-12 16:18:00,155.09989275512385,17499.299828216568,2374.6279338843433,0.02112267499992533,0.0
2026-08-12 16:21:00,153.54765447376377,16624.963900242255,2588.1637530843527,0.02112267499992533,0.0
2026-08-12 16:24:00,152.43094079165184,15652.895755256723,2837.392007677777,0.02112267499992533,0.0
2026-08-12 16:27:00,152.15922040662787,14580.616635386827,3115.9158230597654,0.02112267499992533,0.0
2026-08-12 16:30:00,152.88870500234205,13420.64620755278,3405.5413583080385,0.02112267499992533,0.0
2026-08-12 16:33:00,154.3923754198258,12204.547097356592,3675.621654804588,0.02112267499992533,0.0
2026-08-12 16:36:00,156.3518765767766,10977.928236128715,3890.567702962085,0.02112267499992533,0.0
2026-08-12 16:39:00,158.43709698380553,9787.358409477794,4022.5727517251644,0.02112267499992533,0.0
2026-08-12 16:42:00,160.32296511637142,8668.439487914711,4060.135597919702,0.02112267499992533,0.0
2026-08-12 16:45:00,161.79063598170154,7641.728192180601,4007.6541647635167,0.02112267499992533,0.0
2026-08-12 16:48:00,162.7918299314282,6715.039360327612,3879.597195959419,0.02112267499992533,0.0
2026-08-12 16:51:00,163.31303440092697,5887.755088680268,3694.35714778081,0.02112267499992533,0.0
2026-08-12 16:54:00,163.34066401514286,5154.532826353445,3470.099093410816,0.02112267499992533,0.0
2026-08-12 16:57:00,162.8729863832976,4507.788094338357,3222.6585192307093,0.02112267499992533,0.0
2026-08-12 17:00:00,161.96090634366968,3939.1635398920134,2964.8146648285765,0.02112267499992533,0.0
2026-08-12 17:03:00,160.7320387855517,3440.333585227716,2706.310991752861,0.02112267499992533,0.0
2026-08-12 17:06:00,159.33746703168558,3003.4144640943036,2454.212916017851,0.02112267499992533,0.0
2026-08-12 17:09:00,157.93590219727096,2621.15092623172,2213.375106567193,0.02112267499992533,0.0
2026-08-12 17:12:00,156.69269780188114,2286.980208842228,1986.905460944453,0.02112267499992533,0.0
2026-08-12 17:15:00,155.77870739626155,1995.0304636843487,1776.576987687032,0.02112267499992533,0.0
2026-08-12 17:18:00,155.36913683868642,1740.0857220929915,1583.1720178107223,0.02112267499992533,0.0
2026-08-12 17:21:00,155.6424808551442,1517.5352806596256,1406.7591229567756,0.02112267499992533,0.0
2026-08-12 17:24:00,156.77958954250906,1323.3174003869312,1246.9099518569355,0.02112267499992533,0.0
2026-08-12 17:27:00,160.36410430516577,1153.8627052976124,1102.8654110430016,0.02112267499992533,0.0
2026-08-12 17:30:00,166.40953293059698,1006.0401126418968,973.6606187474024,0.02112267499992533,0.0
2026-08-12 17:33:00,169.30579945016245,877.1066753819604,858.2171079795313,0.02112267499992533,0.0
2026-08-12 17:36:00,169.6888759612415,764.6618943593936,755.4094807514222,0.02112267499992533,0.0
2026-08-12 17:39:00,168.19447376744324,666.6065958051961,664.1124267077274,0.02112267499992533,0.0
2026-08-12 17:42:00,165.45783614000183,581.1062179029082,583.2328509532665,0.02112267499992533,0.0
2026-08-12 17:45:00,162.1135978291145,506.5582205293862,511.7308552738626,0.02112267499992533,0.0
2026-08-12 17:48:00,158.79569733883145,441.5632740688157,448.63248908799113,0.02112267499992533,0.0
2026-08-12 17:51:00,156.13733004638715,384.8998662410523,393.0365169402337,0.02112267499992533,0.0
2026-08-12 17:54:00,154.77093224574065,335.5019723081793,344.11691655564414,0.02112267499992533,0.0
2026-08-12 17:57:00,155.2223659613016,292.4394531177956,301.12240264527037,0.02112267499992533,0.0
2026-08-12 18:00:00,157.3818318640421,254.9008707985045,263.37394562711654,0.02112267499992533,0.0
2026-08-12 18:03:00,160.18643749417515,222.1784397264502,230.26100275456943,0.02112267499992533,0.0
2026-08-12 18:06:00,162.36099324766823,193.65485839357413,201.23698633154137,0.02112267499992533,0.0
2026-08-12 18:09:00,162.6297022241388,168.79179475794996,175.81434704150558,0.02112267499992533,0.0
2026-08-12 18:12:00,159.87166971024163,147.11982286383466,153.5595396889939,0.02112267499992533,0.0
2026-08-12 18:15:00,153.89826042909152,128.22963166790504,134.08805569795013,0.02112267499992533,0.0
2026-08-12 18:18:00,145.91953092481006,111.76434799921,117.0596451015416,0.02112267499992533,0.0
2026-08-12 18:21:00,137.45604101916007,97.41283444534731,102.17380545926783,0.02112267499992533,0.0
2026-08-12 18:24:00,130.0279723369967,84.90383980071371,89.16558223195491,0.02112267499992533,0.0
2026-08-12 18:27:00,125.01659081398947,74.00089467747131,77.8017016012516,0.02112267499992533,0.0
2026-08-12 18:30:00,122.97139807373702,64.49785812640378,67.87704020214946,0.02112267499992533,0.0
2026-08-12 18:33:00,123.19443391099523,56.21503280644277,59.21142495366264,0.02112267499992533,0.0
2026-08-12 18:36:00,124.7103462985344,48.99577653776209,51.64674875728357,0.02112267499992533,0.0
2026-08-12 18:39:00,126.5435733161123,42.70354712415573,45.04438324632124,0.02112267499992533,0.0
2026-08-12 18:42:00,127.7878983583499,37.21932527526749,39.28286722657624,0.02112267499992533,0.0
2026-08-12 18:45:00,127.95412310258256,32.43936742508948,34.2558483593825,0.02112267499992533,0.0
2026-08-12 18:48:00,127.1786779789163,28.273246344898304,29.87025556056956,0.02112267499992533,0.0
2026-08-12 18:51:00,125.73692974336903,24.64214278946937,26.04468019585569,0.02112267499992533,0.0
2026-08-12 18:54:00,123.90413743638052,21.477356086933554,22.707945203607732,0.02112267499992533,0.0
2026-08-12 18:57:00,121.94509701774686,18.71900566664581,19.797842594305628,0.02112267499992533,0.0
2026-08-12 19:00:00,120.06230569581155,16.314899088238338,17.26002123633348,0.02112267499992533,0.0
2026-08-12 19:03:00,118.36486412634935,14.219545252438976,15.047008350732211,0.02112267499992533,0.0
2026-08-12 19:06:00,116.94107398353731,12.393294196476722,13.117349641704266,0.02112267499992533,0.0
2026-08-12 19:09:00,115.87918600580977,10.801587253415029,11.434854443737644,0.02112267499992533,0.0
2026-08-12 19:12:00,115.24427443426686,9.414303429005232,9.967933643965933,0.02112267499992533,0.0
2026-08-12 19:15:00,114.96257764828013,8.205189659693659,8.689019424314695,0.02112267499992533,0.0
2026-08-12 19:18:00,114.7521044009905,7.151364194674027,7.574057054446285,0.02112267499992533,0.0
2026-08-12 19:21:00,114.28457147982351,6.232883722544174,6.602060051202232,0.02112267499992533,0.0
2026-08-12 19:24:00,113.23167463196901,5.43236606481843,5.754721004658729,0.02112267499992533,0.0
2026-08-12 19:27:00,111.3033662670388,4.734661306608845,5.016071258961914,0.02112267499992533,0.0
2026-08-12 19:30:00,108.43922779893666,4.126565148793671,4.372183433290916,0.02112267499992533,0.0
2026-08-12 19:33:00,104.92329396475776,3.596569063010496,3.81091148094381,0.02112267499992533,0.0
2026-08-12 19:36:00,101.1161388775669,3.1346425257824935,3.3216636194252143,0.02112267499992533,0.0
2026-08-12 19:39:00,97.37833066782707,2.732043214031872,2.8952040283528273,0.02112267499992533,0.0
2026-08-12 19:42:00,94.07043339447176,2.3811515725338843,2.523479711672332,0.02112267499992533,0.0
2026-08-12 19:45:00,91.55300868885661,2.075326624450586,2.1994693624575223,0.02112267499992533,0.0
2026-08-12 19:48:00,90.18661716471891,1.8087802976118532,1.9170514584553286,0.02112267499992533,0.0
2026-08-12 19:51:00,90.331819623375,1.576467889252739,1.6708891600776363,0.02112267499992533,0.0
2026-08-12 19:54:00,92.34917807992124,1.3739925970545557,1.4563298848263826,0.02112267499992533,0.0
2026-08-12 19:57:00,94.03644730331936,1.197522310333424,1.2693176978126155,0.02112267499992533,0.0
2026-08-12 20:00:00,92.74597211431791,1.0437170870850123,1.1063168912813215,0.02112267499992533,0.0
2026-08-12 20:03:00,92.85158162904615,955.3536918960922,35.94729215615602,0.02112267499992533,16.666666666666668
2026-08-12 20:06:00,94.0532879952143,3478.8988422880448,278.61491248788144,1.6877893416665921,0.0
2026-08-12 20:09:00,96.07360627738419,7150.7454450166515,842.9255298539498,0.02112267499992533,0.0
2026-08-12 20:12:00,98.68179454212353,11194.337145812377,1761.8768455823185,0.02112267499992533,0.0
2026-08-12 20:15:00,101.69581651709058,14178.33154788648,2879.630692877789,0.02112267499992533,0.0
2026-08-12 20:18:00,104.9566041745278,16244.770959249965,4002.2207478587657,0.02112267499992533,0.0
2026-08-12 20:21:00,108.28322757456684,17628.399234662826,4991.6914172656325,0.02112267499992533,0.0
2026-08-12 20:24:00,111.44085556802514,18558.096219543764,5738.49727337432,0.02112267499992533,0.0
2026-08-12 20:27:00,114.16387447329706,19248.458928895292,6164.123155397562,0.02112267499992533,0.0
2026-08-12 20:30:00,116.32894507286562,19854.904021219318,6254.66840166195,0.02112267499992533,0.0
2026-08-12 20:33:00,118.06910299076654,20442.376497626923,6073.031828745045,0.02112267499992533,0.0
2026-08-12 20:36:00,119.5530895009767,21011.612162764657,5717.681792418709,0.02112267499992533,0.0
2026-08-12 20:39:00,120.94424481699747,21542.824388768848,5276.85869649109,0.02112267499992533,0.0
2026-08-12 20:42:00,122.40179476263256,22018.657732945234,4811.869614177914,0.02112267499992533,0.0
2026-08-12 20:45:00,123.98301154777585,22429.457993447508,4359.497310729392,0.02112267499992533,0.0
2026-08-12 20:48:00,125.57958197704457,22772.103218138065,3939.2654852155256,0.02112267499992533,0.0
2026-08-12 20:51:00,127.06833998993991,23047.776982190233,3559.8182376373597,0.02112267499992533,0.0
2026-08-12 20:54:00,128.34960988947847,23260.165451126384,3223.372606411273,0.02112267499992533,0.0
2026-08-12 20:57:00,129.35397219526078,23414.24198972953,2928.5702181724996,0.02112267499992533,0.0
2026-08-12 21:00:00,130.10061169516052,23515.504936938753,2672.228525505608,0.02112267499992533,0.0
2026-08-12 21:03:00,130.73123840814756,23569.519075136388,2450.385025455301,0.02112267499992533,0.0
2026-08-12 21:06:00,131.41780435878766,23581.65065092585,2258.9002618221307,0.02112267499992533,0.0
2026-08-12 21:09:00,132.33471758112992,23556.92320687657,2093.7899250276555,0.02112267499992533,0.0
2026-08-12 21:12:00,133.6357208648256,23499.947942266055,1951.3929491971946,0.02112267499992533,0.0
2026-08-12 21:15:00,135.34534855683728,23414.89949306401,1828.4421122523806,0.02112267499992533,0.0
2026-08-12 21:18:00,137.2937673631366,23305.51885371772,1722.0782856734334,0.02112267499992533,0.0
2026-08-12 21:21:00,139.26681872575,23175.131952241976,1629.8336252387962,0.02112267499992533,0.0
2026-08-12 21:24:00,141.04880269619272,23026.676656385804,1549.5990870070455,0.02112267499992533,0.0
2026-08-12 21:27:00,142.43515851088412,22862.733686141022,1479.5854659721044,0.02112267499992533,0.0
2026-08-12 21:30:00,143.29621520238734,22685.55862483242,1418.2833007239672,0.02112267499992533,0.0
2026-08-12 21:33:00,143.61550372582144,22497.1133198277,1364.4246006066176,0.02112267499992533,0.0
2026-08-12 21:36:00,143.40064064734185,22299.095669099694,1316.947889814448,0.02112267499992533,0.0
2026-08-12 21:39:00,142.65795538990258,22092.96724198745,1274.9671837323717,0.02112267499992533,0.0
2026-08-12 21:42:00,141.40568216885643,21879.978470419628,1237.7450001034774,0.02112267499992533,0.0
2026-08-12 21:45:00,139.73942535383983,21661.191327413337,1204.6692237355849,0.02112267499992533,0.0
2026-08-12 21:48:00,137.87148049662636,21437.4995195452,1175.2335009056656,0.02112267499992533,0.0
2026-08-12 21:51:00,136.03945709888254,21209.646283198323,1149.0207827641068,0.02112267499992533,0.0
2026-08-12 21:54:00,134.48023693854506,20978.23990635684,1125.6896306934866,0.02112267499992533,0.0
2026-08-12 21:57:00,133.40775925920948,20743.767108794997,1104.962918686435,0.02112267499992533,0.0
2026-08-12 22:00:00,132.90159030598187,20506.60441035021,1086.6186047758597,0.02112267499992533,0.0
2026-08-12 22:03:00,132.84008771038273,20267.02760381604,1070.482287227079,0.02112267499992533,0.0
2026-08-12 22:06:00,133.05657366027998,20025.219428385295,1056.4213069465236,0.02112267499992533,0.0
2026-08-12 22:09:00,133.38399309515063,19781.275512824428,1044.3402030116201,0.02112267499992533,0.0
2026-08-12 22:12:00,133.6549627287934,19535.208625016712,1034.1773725098094,0.02112267499992533,0.0
2026-08-12 22:15:00,133.70181504070192,19286.951225689114,1025.9028291349478,0.02112267499992533,0.0
2026-08-12 22:18:00,133.3566380608039,19036.35627775146,1019.516998116085,0.02112267499992533,0.0
2026-08-12 22:21:00,132.4513117368038,18783.196206562636,1015.0505295629736,0.02112267499992533,0.0
2026-08-12 22:24:00,130.8175416439341,18527.159837387746,1012.5651603448405,0.02112267499992533,0.0
2026-08-12 22:27:00,130.40550502166573,18267.84704978162,1012.1557090349297,0.02112267499992533,0.0
2026-08-12 22:30:00,133.0616285003573,18004.76077834478,1013.9533530240412,0.02112267499992533,0.0
2026-08-12 22:33:00,134.30338080976355,17737.295846663208,1018.1304165881193,0.02112267499992533,0.0
2026-08-12 22:36:00,134.35389582388598,17464.723934671038,1024.9069999673611,0.02112267499992533,0.0
2026-08-12 22:39:00,133.4362883723804,17186.173733791133,1034.5599107005107,0.02112267499992533,0.0
2026-08-12 22:42:00,131.77368870032822,16900.605019265102,1047.4345297972548,0.02112267499992533,0.0
2026-08-12 22:45:00,129.58928066577153,16606.77494128953,1063.9604682090153,0.02112267499992533,0.0
2026-08-12 22:48:00,127.10634527933175,16303.19428119289,1084.672152928492,0.02112267499992533,0.0
2026-08-12 22:51:00,124.54831161044436,15988.070720610112,1110.235825567383,0.02112267499992533,0.0
2026-08-12 22:54:00,122.13881764923377,15659.23535286146,1141.484804457341,0.02112267499992533,0.0
2026-08-12 22:57:00,120.08496961862454,15314.04785773885,1179.4651298829901,0.02112267499992533,0.0
2026-08-12 23:00:00,118.49335948978714,14949.275374333709,1225.4935356633964,0.02112267499992533,0.0
2026-08-12 23:03:00,117.31973500836818,14560.94122877798,1281.2281994693678,0.02112267499992533,0.0
2026-08-12 23:06:00,116.48684717448234,14144.144961193053,1348.7478515545633,0.02112267499992533,0.0
2026-08-12 23:09:00,115.91825918848775,13692.870664139611,1430.6218978322202,0.02112267499992533,0.0
2026-08-12 23:12:00,115.53435466924049,13199.839597100892,1529.9234443688847,0.02112267499992533,0.0
2026-08-12 23:15:00,115.23153760315483,12656.550039245602,1650.0707815232731,0.02112267499992533,0.0
2026-08-12 23:18:00,114.8698626949028,12053.815692871229,1794.2601246267225,0.02112267499992533,0.0
2026-08-12 23:21:00,114.3027038051311,11383.358389607523,1964.0929086116714,0.02112267499992533,0.0
2026-08-12 23:24:00,113.38511260550023,10641.110693400953,2157.0140862502635,0.02112267499992533,0.0
2026-08-12 23:27:00,112.00264412104255,9832.126088371917,2362.959697549139,0.02112267499992533,0.0
2026-08-12 23:30:00,110.21706582088908,8974.65720911806,2562.597726489362,0.02112267499992533,0.0
2026-08-12 23:33:00,108.35185195009107,8098.899059290807,2730.746284257482,0.02112267499992533,0.0
2026-08-12 23:36:00,106.78215333772172,7238.935746405449,2844.913391395156,0.02112267499992533,0.0
2026-08-12 23:39:00,105.87284316674479,6423.206123449977,2892.986671077019,0.02112267499992533,0.0
2026-08-12 23:42:00,105.939700923086,5669.708819786969,2874.8872548742524,0.02112267499992533,0.0
2026-08-12 23:45:00,107.06102868677746,4986.552648451405,2799.1872480109664,0.02112267499992533,0.0
2026-08-12 23:48:00,108.96718878207999,4374.863469983608,2678.514332352977,0.02112267499992533,0.0
2026-08-12 23:51:00,111.31117795152252,3831.6602762994366,2526.0901694750683,0.02112267499992533,0.0
2026-08-12 23:54:00,113.74816653310629,3351.8972467978388,2353.8166203314663,0.02112267499992533,0.0
2026-08-12 23:57:00,115.95888612684172,2929.7106090973425,2171.5042583520317,0.02112267499992533,0.0
2026-08-13 00:00:00,117.75636907286764,2559.116788852828,1986.7584305626826,0.02112267499992533,0.0
2026-08-13 00:03:00,119.14958774187397,2234.3769700702255,1805.1813004909316,0.02112267499992533,0.0
2026-08-13 00:06:00,120.19535712317165,1950.1705653777187,1630.6920682642974,0.02112267499992533,0.0
2026-08-13 00:09:00,120.9554695672357,1701.6627846154788,1465.8638005886996,0.02112267499992533,0.0
2026-08-13 00:12:00,121.4925863266707,1484.51508679963,1312.230703528391,0.02112267499992533,0.0
2026-08-13 00:15:00,121.85283446505106,1294.865965012449,1170.5489886132416,0.02112267499992533,0.0
2026-08-13 00:18:00,122.0550784326664,1129.2973922973104,1041.0089361276193,0.02112267499992533,0.0
2026-08-13 00:21:00,122.11343140412853,984.7954329168314,923.4022333577939,0.02112267499992533,0.0
2026-08-13 00:24:00,122.04329146311218,858.7096789551762,817.2510405085707,0.02112267499992533,0.0
2026-08-13 00:27:00,121.85720588124548,748.7139969096487,721.9056091014246,0.02112267499992533,0.0
2026-08-13 00:30:00,121.54625118904676,652.7698332650375,636.6167482783565,0.02112267499992533,0.0
2026-08-13 00:33:00,121.06879241486054,569.0926262027224,560.5885665223731,0.02112267499992533,0.0
2026-08-13 00:36:00,120.37577448328719,496.1214750390621,493.0159863765049,0.02112267499992533,0.0
2026-08-13 00:39:00,119.41784802700222,432.49200075349916,433.110664108768,0.02112267499992533,0.0
2026-08-13 00:42:00,118.1452549430753,377.0122160386971,380.1181940220255,0.02112267499992533,0.0
2026-08-13 00:45:00,116.50775463683556,328.64116866599437,333.328848962386,0.02112267499992533,0.0
2026-08-13 00:48:00,114.45458199221153,286.47010232042095,292.08359737359166,0.02112267499992533,0.0
2026-08-13 00:51:00,111.93442955371023,249.7058794128034,255.77672858026688,0.02112267499992533,0.0
2026-08-13 00:54:00,108.89544774600114,217.6564217548886,223.85609559530164,0.02112267499992533,0.0
2026-08-13 00:57:00,106.27934138953796,189.71794201798852,195.82173306612907,0.02112267499992533,0.0
2026-08-13 01:00:00,105.3395464583372,165.36375838088654,171.22341320309425,0.02112267499992533,0.0
2026-08-13 01:03:00,104.65536604791697,144.13450481742717,149.65755296670136,0.02112267499992533,0.0
2026-08-13 01:06:00,104.1620629939386,125.6295689907984,130.76377177269157,0.02112267499992533,0.0
2026-08-13 01:09:00,103.79448776781298,109.49960811460991,114.22131268447546,0.02112267499992533,0.0
2026-08-13 01:12:00,103.48711272099379,95.44001011667031,99.74547525337661,0.02112267499992533,0.0
2026-08-13 01:15:00,103.17406582467986,83.18518288891003,87.0841598963374,0.02112267499992533,0.0
2026-08-13 01:18:00,102.78916322482499,72.50356832472343,76.01458809042727,0.02112267499992533,0.0
2026-08-13 01:21:00,102.26594015701386,63.19329029427477,66.34023669018687,0.02112267499992533,0.0
2026-08-13 01:24:00,101.53767993760674,55.07835678473889,57.8880059938966,0.02112267499992533,0.0
2026-08-13 01:27:00,100.54986426298723,48.00534624732187,50.505627989830074,0.02112267499992533,0.0
2026-08-13 01:30:00,99.32231491650342,41.84051686304599,44.059312115251636,0.02112267499992533,0.0
2026-08-13 01:33:00,97.9864865793657,36.46728507943068,38.43161979782234,0.02112267499992533,0.0
2026-08-13 01:36:00,96.6985237190855,31.784026489850685,33.51955521368339,0.02112267499992533,0.0
2026-08-13 01:39:00,95.61443243761084,27.7021580283253,29.232857477216704,0.02112267499992533,0.0
2026-08-13 01:42:00,94.87424171091186,24.144465628080322,25.49247841361416,0.02112267499992533,0.0
2026-08-13 01:45:00,94.52274079835543,21.04364602705708,22.22922981196318,0.02112267499992533,0.0
2026-08-13 01:48:00,94.46192610876177,18.341035373640665,19.382584356926948,0.02112267499992533,0.0
2026-08-13 01:51:00,94.56200186196449,15.985500759202553,16.899615101915,0.02112267499992533,0.0
2026-08-13 01:54:00,94.69310179041075,13.932473841046283,14.734059237541304,0.02112267499992533,0.0
2026-08-13 01:57:00,94.74629224418858,12.143108373558809,12.845492926246441,0.02112267499992533,0.0
2026-08-13 02:00:00,94.73854885308947,10.583545784124192,11.198605046199084,0.02112267499992533,0.0
2026-08-13 02:03:00,94.87574488753664,9.224274955379537,9.762558765546547,0.02112267499992533,0.0
2026-08-13 02:06:00,95.40570212919113,8.039574143382632,8.51043091826835,0.02112267499992533,0.0
2026-08-13 02:09:00,96.57620926586699,7.007024504475005,7.418720153585028,0.02112267499992533,0.0
2026-08-13 02:12:00,98.59321179963865,6.1070860503626925,6.466915768915346,0.02112267499992533,0.0
2026-08-13 02:15:00,101.4117408857447,5.322728026006676,5.637120004732125,0.02112267499992533,0.0
2026-08-13 02:18:00,104.61047184668273,4.639106730046566,4.913717375661804,0.02112267499992533,0.0
2026-08-13 02:21:00,107.68443332364632,4.04328469168831,4.283085336123072,0.02112267499992533,0.0
2026-08-13 02:24:00,110.12864043603557,3.523985897909696,3.7333412330440687,0.02112267499992533,0.0
2026-08-13 02:27:00,111.4882459868596,3.071382445008131,3.254121086340791,0.02112267499992533,0.0
2026-08-13 02:30:00,111.60928593418942,2.676908581653542,2.8363862642685587,0.02112267499992533,0.0
2026-08-13 02:33:00,110.78912726817404,2.3330986278061348,2.4722545902173483,0.02112267499992533,0.0
2026-08-13 02:36:00,109.4254291284362,2.033445704815401,2.1548528348898683,0.02112267499992533,0.0
2026-08-13 02:39:00,107.91584694491496,1.7722786051916692,1.8781879178793608,0.02112267499992533,0.0
2026-08-13 02:42:00,106.62856814768992,1.544654473326667,1.6370344700789565,0.02112267499992533,0.0
2026-08-13 02:45:00,105.75498557397736,1.3462652672759783,1.4268366974612534,0.02112267499992533,0.0
2026-08-13 02:48:00,105.22130178665904,1.1733562322356228,1.2436227416307915,0.02112267499992533,0.0
2026-08-13 02:51:00,104.89478858031745,1.0226548434473421,1.083929956900661,0.02112267499992533,0.0
2026-08-13 02:54:00,104.64271871021882,0.8913088742388968,0.9447397208914876,0.02112267499992533,0.0
2026-08-13 02:57:00,104.33642434224882,0.7768324174761234,0.8234205688798145,0.02112267499992533,0.0
2026-08-13 03:00:00,103.87158696160252,0.6770588391300173,0.717678594116482,0.02112267499992533,0.0
2026-08-13 03:03:00,103.18041143060657,0.5900997737846014,0.6255141895886648,0.02112267499992533,0.0
2026-08-13 03:06:00,102.20322111094939,0.514309386203884,0.5451843234373763,0.02112267499992533,0.0
2026-08-13 03:09:00,100.88034236186539,0.4482532226989319,0.4751696424496757,0.02112267499992533,0.0
2026-08-13 03:12:00,99.15210476145651,0.3906810628700901,0.4141457874803587,0.02112267499992533,0.0
2026-08-13 03:15:00,96.95884128422004,0.34050325798637865,0.36095838288082055,0.02112267499992533,0.0
2026-08-13 03:18:00,94.24088844070252,0.2967701082335527,0.3146012303990189,0.02112267499992533,0.0
2026-08-13 03:21:00,90.93858638445553,0.25865388856246607,0.2741972977800391,0.02112267499992533,0.0
2026-08-13 03:24:00,86.99227899081694,0.22543318298630036,0.23898214451047087,0.02112267499992533,0.0
2026-08-13 03:27:00,84.91260544388624,0.19647923085730223,0.20828947275351548,0.02112267499992533,0.0
2026-08-13 03:30:00,86.9928497136421,0.17124402672671343,0.1815385313420495,0.02112267499992533,0.0
2026-08-13 03:33:00,87.73899390949794,0.14924994857556265,0.15822313545941674,0.02112267499992533,0.0
2026-08-13 03:36:00,87.51418095078813,0.13008071812687896,0.13790209497931233,0.02112267499992533,0.0
2026-08-13 03:39:00,86.68155757183253,0.11337352215856869,0.1201908709142643,0.02112267499992533,0.0
2026-08-13 03:42:00,85.60427429905067,0.09881214570757929,0.10475430252538026,0.02112267499992533,0.0
2026-08-13 03:45:00,84.64548541892447,0.08612098720589756,0.091300267801887,0.02112267499992533,0.0
2026-08-13 03:48:00,84.16834893831076,0.07505984227949572,0.07957415760129599,0.02112267499992533,0.0
2026-08-13 03:51:00,84.53602653840738,0.06541935748843637,0.06935405907687553,0.02112267499992533,0.0
2026-08-13 03:54:00,86.11168352350245,0.05701706796532568,0.060446557394414825,0.02112267499992533,0.0
2026-08-13 03:57:00,89.19005245483025,0.04969394395981785,0.05268307640449074,0.02112267499992533,0.0
2026-08-13 04:00:00,93.65525153841253,0.043311380928351,0.045916689108070764,0.02112267499992533,0.0
2026-08-13 04:03:00,98.77547563155265,0.0377485762026827,0.04001933762247473,0.02112267499992533,0.0
2026-08-13 04:06:00,103.68205035386157,0.03290024258718149,0.034879410088032935,0.02112267499992533,0.0
2026-08-13 04:09:00,107.50630464351849,0.028674615611530896,0.03039962869824266,0.02112267499992533,0.0
2026-08-13 04:12:00,109.46879505253096,0.02499171672326208,0.02649520891460474,0.02112267499992533,0.0
2026-08-13 04:15:00,109.32542748669732,0.021781839548468945,0.02309225505211292,0.02112267499992533,0.0
2026-08-13 04:18:00,107.63513022263041,0.018984230570908374,0.02012636188908211,0.02112267499992533,0.0
2026-08-13 04:21:00,105.13528331148966,0.016545939259308085,0.01754139584974353,0.02112267499992533,0.0
2026-08-13 04:24:00,102.56326978962483,0.01442081587972617,0.015288432703188503,0.02112267499992533,0.0
2026-08-13 04:27:00,100.59975015364688,0.012568638024960874,0.013324831681860279,0.02112267499992533,0.0
2026-08-13 04:30:00,99.58503500133617,0.010954349329152376,0.011613428502654484,0.02112267499992533,0.0
2026-08-13 04:33:00,99.34890859074153,0.009547395958993921,0.010121832022515917,0.02112267499992533,0.0
2026-08-13 04:36:00,99.607706987201,0.008321148323535251,0.008821811220634523,0.02112267499992533,0.0
2026-08-13 04:39:00,100.07776891786412,0.00725239705745386,0.00768876090797488,0.02112267499992533,0.0
2026-08-13 04:42:00,100.48618582410893,0.006320913738411334,0.006701236054190106,0.02112267499992533,0.0
2026-08-13 04:45:00,100.6245523719474,0.005509068024304772,0.005840545920106295,0.02112267499992533,0.0
2026-08-13 04:48:00,100.38121673521363,0.004801493964065689,0.005090400315458549,0.02112267499992533,0.0
2026-08-13 04:51:00,99.66602973789966,0.004184799166342748,0.0044366012877805035,0.02112267499992533,0.0
2026-08-13 04:54:00,98.38884456880271,0.003647311321566025,0.0038667744079612597,0.02112267499992533,0.0
2026-08-13 04:57:00,96.48924612688182,0.0031788572798636867,0.0033701345672199835,0.02112267499992533,0.0
2026-08-13 05:00:00,94.08519797193884,0.002770570503476749,0.0029372818532855363,0.02112267499992533,0.0
2026-08-13 05:03:00,91.56223047458188,0.0024147232493550363,0.002560023642755066,0.02112267499992533,0.0
2026-08-13 05:06:00,89.36533495740765,0.0021045803056781967,0.002231219542702232,0.02112267499992533,0.0
2026-08-13 05:09:00,87.93950484251084,0.0018342715139914344,0.0019446462469991579,0.02112267499992533,0.0
2026-08-13 05:12:00,87.68087998299737,0.0015986806641972344,0.0016948797496851651,0.02112267499992533,0.0
2026-08-13 05:15:00,88.6924685186034,0.0013933486595298565,0.0014771926861875226,0.02112267499992533,0.0
2026-08-13 05:18:00,90.63757997114071,0.0012143891187239744,0.0012874648594892151,0.02112267499992533,0.0
2026-08-13 05:21:00,93.08181453406456,0.0010584148179860872,0.0011221052578642221,0.02112267499992533,0.0
2026-08-13 05:24:00,95.59077426680102,0.0009224735805401059,0.0009779840882805694,0.02112267499992533,0.0
2026-08-13 05:27:00,97.76132024640673,0.000803992400331616,0.0008523735391221551,0.02112267499992533,0.0
2026-08-13 05:30:00,99.37785849930006,0.0007007287423215314,0.0007428961510870683,0.02112267499992533,0.0
2026-08-13 05:33:00,100.50611154467181,0.0006107280976311517,0.0006474798191112969,0.02112267499992533,0.0
2026-08-13 05:36:00,101.27431799172756,0.0005322869901849566,0.000564318573664017,0.02112267499992533,0.0
2026-08-13 05:39:00,101.81071811165248,0.00046392073467744403,0.0004918383991409756,0.02112267499992533,0.0
2026-08-13 05:42:00,102.24355380008937,0.0004043353356185521,0.0004286674424154332,0.02112267499992533,0.0
2026-08-13 05:45:00,102.70106854064716,0.0003524029955900351,0.0003736100476950537,0.02112267499992533,0.0
2026-08-13 05:48:00,103.31150736941352,0.00030714076915622717,0.0003256241262506054,0.02112267499992533,0.0
2026-08-13 05:51:00,104.20311684044545,0.0002676919584107407,0.0002838014326998321,0.02112267499992533,0.0
2026-08-13 05:54:00,105.50414499221063,0.00023330989803117605,0.000247350374540238,0.02112267499992533,0.0
2026-08-13 05:57:00,103.9803189865814,0.00020334382294022444,0.0002155810295702171,0.02112267499992533,0.0
2026-08-13 06:00:00,97.27550124526324,0.00017722655108912274,0.00018789208762579534,0.02112267499992533,0.0
2026-08-13 06:03:00,93.75171538579038,0.0001544637482340341,0.0001637594694808029,0.02112267499992533,0.0
2026-08-13 06:06:00,92.79459201201801,0.00013462457151860733,0.00014272640750168547,0.02112267499992533,0.0
2026-08-13 06:09:00,93.78976305778767,0.00011733351477248043,0.00012439480031415734,0.02112267499992533,0.0
2026-08-13 06:12:00,96.12286175854061,0.0001022633011805291,0.00010841767785190654,0.02112267499992533,0.0
2026-08-13 06:15:00,99.17952262370795,8.912868880130867e-05,9.449263417352751e-05,0.02112267499992533,0.0
2026-08-13 06:18:00,102.34538140985421,7.768107169064996e-05,8.23561037505771e-05,0.02112267499992533,0.0
2026-08-13 06:21:00,105.00607509455185,6.770377444492586e-05,7.177837289397589e-05,0.02112267499992533,0.0
2026-08-13 06:24:00,106.54724185096443,5.900795110287055e-05,6.255923189979416e-05,0.02112267499992533,0.0
2026-08-13 06:27:00,106.42787114549236,5.1429010783629007e-05,5.452418562233439e-05,0.02112267499992533,0.0
2026-08-13 06:30:00,104.54705432558453,4.482350240830141e-05,4.752115075172392e-05,0.02112267499992533,0.0
2026-08-13 06:33:00,101.46403496344622,3.906639954139074e-05,4.141757728507516e-05,0.02112267499992533,0.0
2026-08-13 06:36:00,97.88475797662483,3.4048733961685946e-05,3.609793970897015e-05,0.02112267499992533,0.0
2026-08-13 06:39:00,94.51516936107672,2.9675533172572454e-05,3.146155040855304e-05,0.02112267499992533,0.0
2026-08-13 06:42:00,92.0215197406345,2.586402281447403e-05,2.742065391730363e-05,0.02112267499992533,0.0
2026-08-13 06:45:00,90.83188220129279,2.2542059955988364e-05,2.3898765937054023e-05,0.02112267499992533,0.0
2026-08-13 06:48:00,91.01706298392219,1.9646767610155802e-05,2.0829225690581888e-05,0.02112267499992533,0.0
2026-08-13 06:51:00,92.56847646689756,1.7123344630938057e-05,1.8153934206883026e-05,0.02112267499992533,0.0
2026-08-13 06:54:00,95.47753800455557,1.4924028464442995e-05,1.5822254658390423e-05,0.02112267499992533,0.0
2026-08-13 06:57:00,99.68804603911943,1.3007191122545156e-05,1.3790053936577654e-05,0.02112267499992533,0.0
2026-08-13 07:00:00,104.85809273647283,1.1336551268088339e-05,1.201886732562509e-05,0.02112267499992533,0.0
2026-08-13 07:03:00,110.21721036072456,9.88048749853024e-06,1.0475170463721293e-05,0.02112267499992533,0.0
2026-08-13 07:06:00,114.89969634082533,8.611439830298487e-06,9.12974481222105e-06,0.02112267499992533,0.0
2026-08-13 07:09:00,118.0398489918301,7.505388055527064e-06,7.957124622720474e-06,0.02112267499992533,0.0
2026-08-13 07:12:00,118.86927403547924,6.54139709782832e-06,6.935114934635564e-06,0.02112267499992533,0.0
2026-08-13 07:15:00,117.20341727003037,5.701220761868679e-06,6.044371480281173e-06,0.02112267499992533,0.0
2026-08-13 07:18:00,113.73348416607578,4.968956376751725e-06,5.268034546180775e-06,0.02112267499992533,0.0
2026-08-13 07:21:00,109.34529409066313,4.330743796498758e-06,4.591409860581948e-06,0.02112267499992533,0.0
2026-08-13 07:24:00,104.92466721783822,3.774503060476402e-06,4.001690467226183e-06,0.02112267499992533,0.0
2026-08-13 07:27:00,101.29318737148834,3.289705748353963e-06,3.4877143211814855e-06,0.02112267499992533,0.0
2026-08-13 07:30:00,98.88701629860742,2.867175701920089e-06,3.0397530186653043e-06,0.02112267499992533,0.0
2026-08-13 07:33:00,97.56418222787255,2.498915341926559e-06,2.649327662067668e-06,0.02112267499992533,0.0
2026-08-13 07:36:00,97.05423985338803,2.1779542925744115e-06,2.3090483749806056e-06,0.02112267499992533,0.0
2026-08-13 07:39:00,97.0867446063361,1.898217448482785e-06,2.0124744296701954e-06,0.02112267499992533,0.0
2026-08-13 07:42:00,97.4027779333058,1.6544099869772448e-06,1.7539923395663348e-06,0.02112267499992533,0.0
2026-08-13 07:45:00,97.81257374025009,1.4419171492655725e-06,1.528709609375028e-06,0.02112267499992533,0.0
2026-08-13 07:48:00,98.23009425407557,1.2567168936058544e-06,1.3323621317748402e-06,0.02112267499992533,0.0
2026-08-13 07:51:00,98.59235297120779,1.095303767206147e-06,1.1612334779533392e-06,0.02112267499992533,0.0
2026-08-13 07:54:00,98.83636406308881,9.546225559369352e-07,1.0120845543582612e-06,0.02112267499992533,0.0
2026-08-13 07:57:00,98.90244567742508,8.320104560069148e-07,8.820922942434107e-07,0.02112267499992533,0.0
2026-08-13 08:00:00,98.75073649097166,7.251466730518743e-07,7.68796223594324e-07,0.02112267499992533,0.0
2026-08-13 08:03:00,98.37123038246335,954.402837104373,35.01739981538381,0.02112267499992533,15.0
2026-08-13 08:06:00,97.76481959149424,3478.0643610829047,277.80094802534865,1.5211226749999254,0.0
2026-08-13 08:09:00,96.95489911122783,7150.014969694764,842.2113428737443,0.02112267499992533,0.0
2026-08-13 08:12:00,96.0116061222969,10676.853947781756,1735.3225324746536,0.02112267499992533,0.0
2026-08-13 08:15:00,95.05133662033788,13191.614087174014,2764.5200174058687,0.02112267499992533,0.0
2026-08-13 08:18:00,94.20524665523604,14919.772801904423,3770.0295551191352,0.02112267499992533,0.0
2026-08-13 08:21:00,93.57581432057323,16070.600985946892,4634.449668579096,0.02112267499992533,0.0
2026-08-13 08:24:00,93.21277732208547,16849.230496800967,5263.637633708305,0.02112267499992533,0.0
2026-08-13 08:27:00,95.16171580654542,17443.142823669838,5594.84898139807,0.02112267499992533,0.0
2026-08-13 08:30:00,100.95888606378247,17978.89965975991,5628.445369729284,0.02112267499992533,0.0
2026-08-13 08:33:00,105.57896590034515,18501.96313267094,5430.527024087542,0.02112267499992533,0.0
2026-08-13 08:36:00,109.1939831114224,19007.000941623053,5090.925106267742,0.02112267499992533,0.0
2026-08-13 08:39:00,111.97537837227866,19475.381525035325,4685.619405023432,0.02112267499992533,0.0
2026-08-13 08:42:00,114.11347803235142,19892.38445506477,4265.778735502746,0.02112267499992533,0.0
2026-08-13 08:45:00,115.82675513826089,20250.33071939625,3861.4329079333634,0.02112267499992533,0.0
2026-08-13 08:48:00,117.36279400967803,20547.130121887807,3488.1209121876327,0.02112267499992533,0.0
2026-08-13 08:51:00,118.9946757575342,20784.27984407799,3152.374010066432,0.02112267499992533,0.0
2026-08-13 08:54:00,121.01568627508726,20965.323597347717,2855.459908149469,0.02112267499992533,0.0
2026-08-13 08:57:00,123.68709782218738,21094.8314266887,2595.7565577919345,0.02112267499992533,0.0
2026-08-13 09:00:00,126.99906482211611,21177.76554492888,2370.200730893373,0.02112267499992533,0.0
2026-08-13 09:03:00,130.52626091116,21219.10133738987,2175.1467138330036,0.02112267499992533,0.0
2026-08-13 09:06:00,133.75343127323538,21223.61006886054,2006.8584073372347,0.02112267499992533,0.0
2026-08-13 09:09:00,136.16721523172325,21195.742237784092,1861.777042295834,0.02112267499992533,0.0
2026-08-13 09:12:00,137.32215523620084,21139.572889590563,1736.6535183324202,0.02112267499992533,0.0
2026-08-13 09:15:00,137.1766648175494,21058.78458872638,1628.600643998982,0.02112267499992533,0.0
2026-08-13 09:18:00,136.29459052874006,20956.672796288643,1535.0994248168151,0.02112267499992533,0.0
2026-08-13 09:21:00,135.37328235732772,20836.16406667787,1453.9803442445796,0.02112267499992533,0.0
2026-08-13 09:24:00,135.10869716031263,20699.84103906522,1383.392339108476,0.02112267499992533,0.0
2026-08-13 09:27:00,136.11570611701404,20549.97045370681,1321.7670270706624,0.02112267499992533,0.0
2026-08-13 09:30:00,138.5298590023386,20388.53185911887,1267.7825433321834,0.02112267499992533,0.0
2026-08-13 09:33:00,141.768498267584,20217.245595595097,1220.329365826231,0.02112267499992533,0.0
2026-08-13 09:36:00,145.08843173758197,20037.59923068496,1178.4793004714497,0.02112267499992533,0.0
2026-08-13 09:39:00,147.74534804278184,19850.872000345276,1141.458075523687,0.02112267499992533,0.0
2026-08-13 09:42:00,149.0631809890409,19658.15704982782,1108.6215760959244,0.02112267499992533,0.0
2026-08-13 09:45:00,148.78048691717075,19460.38141854994,1079.4355217635625,0.02112267499992533,0.0
2026-08-13 09:48:00,147.25830745541415,19258.323803976404,1053.4582788564721,0.02112267499992533,0.0
2026-08-13 09:51:00,144.99548338002603,19052.630190967146,1030.3264582283887,0.02112267499992533,0.0
2026-08-13 09:54:00,142.49023033721463,18843.82745824393,1009.7429497292783,0.02112267499992533,0.0
2026-08-13 09:57:00,140.213239438281,18632.335081192658,991.4670680004584,0.02112267499992533,0.0
2026-08-13 10:00:00,138.47287068680194,18418.475045724368,975.3065193400683,0.02112267499992533,0.0
2026-08-13 10:03:00,137.3342884703721,18202.48007488629,961.110939570092,0.02112267499992533,0.0
2026-08-13 10:06:00,136.80833798791886,17984.50025042976,948.7667943309655,0.02112267499992533,0.0
2026-08-13 10:09:00,136.90554195502625,17764.608086621367,938.1934741911896,0.02112267499992533,0.0
2026-08-13 10:12:00,137.61460372626618,17542.802083413342,929.3404567949116,0.02112267499992533,0.0
2026-08-13 10:15:00,138.79475028120174,17319.00875010986,922.1854472461349,0.02112267499992533,0.0
2026-08-13 10:18:00,140.11114952765948,17093.08304759327,916.7334469533713,0.02112267499992533,0.0
2026-08-13 10:21:00,141.18571424625554,16864.807144914972,913.0167416981084,0.02112267499992533,0.0
2026-08-13 10:24:00,141.6402090762662,16633.887321534494,911.0958437789049,0.02112267499992533,0.0
2026-08-13 10:27:00,141.1369489852092,16399.948765377565,911.0614734262649,0.02112267499992533,0.0
2026-08-13 10:30:00,139.58218055463257,16162.52791321257,913.0377248439015,0.02112267499992533,0.0
2026-08-13 10:33:00,137.24812126836585,15921.06184545943,917.1866368874859,0.02112267499992533,0.0
2026-08-13 10:36:00,134.48829020962873,15674.874071482649,923.714483645651,0.02112267499992533,0.0
2026-08-13 10:39:00,131.65619480420577,15423.155809178963,932.880223838182,0.02112267499992533,0.0
2026-08-13 10:42:00,129.10536185222162,15164.941555791596,945.0067094730395,0.02112267499992533,0.0
2026-08-13 10:45:00,127.18937221922755,14899.077343493887,960.4954638425255,0.02112267499992533,0.0
2026-08-13 10:48:00,126.26190068737785,14624.17955163876,979.846104309426,0.02112267499992533,0.0
2026-08-13 10:51:00,126.67676286689684,14338.581497268937,1003.6818019835821,0.02112267499992533,0.0
2026-08-13 10:54:00,128.78797160245782,14040.264277480264,1032.7824977357257,0.02112267499992533,0.0
2026-08-13 10:57:00,133.22016071186994,13726.767638486248,1068.1277970079764,0.02112267499992533,0.0
2026-08-13 11:00:00,138.77855582312876,13395.076437946616,1110.9511778572862,0.02112267499992533,0.0
2026-08-13 11:03:00,141.67722388642682,13041.479697301962,1162.8054549227625,0.02112267499992533,0.0
2026-08-13 11:06:00,142.38946798612793,12661.40508392529,1225.6341949807615,0.02112267499992533,0.0
2026-08-13 11:09:00,141.38935250443978,12249.248238444156,1301.8301680305644,0.02112267499992533,0.0
2026-08-13 11:12:00,139.15190694667967,11798.256990440346,1394.2300337516706,0.02112267499992533,0.0
2026-08-13 11:15:00,136.15335982587334,11300.61938633207,1505.9271259712373,0.02112267499992533,0.0
2026-08-13 11:18:00,132.87137216655856,10748.070657010889,1639.6643627921046,0.02112267499992533,0.0
2026-08-13 11:21:00,129.785185986534,10133.555431491506,1796.431127958475,0.02112267499992533,0.0
2026-08-13 11:24:00,127.3755019556044,9454.497682306155,1972.9713447776683,0.02112267499992533,0.0
2026-08-13 11:27:00,126.07665736873307,8717.324178452038,2158.8012888301528,0.02112267499992533,0.0
2026-08-13 11:30:00,126.03940007445269,7940.59654542577,2335.224601283205,0.02112267499992533,0.0
2026-08-13 11:33:00,126.98675568961843,7152.743366681312,2479.3802503615143,0.02112267499992533,0.0
2026-08-13 11:36:00,128.54043785191894,6384.1038769656925,2572.2717320223974,0.02112267499992533,0.0
2026-08-13 11:39:00,130.31262358090288,5658.793324322195,2604.937583409379,0.02112267499992533,0.0
2026-08-13 11:42:00,131.9393955374719,4991.332684177035,2578.94893632829,0.02112267499992533,0.0
2026-08-13 11:45:00,133.25129380608308,4387.7240450862855,2502.9367449386154,0.02112267499992533,0.0
2026-08-13 11:48:00,134.3778829402905,3848.171933997881,2388.5407745116618,0.02112267499992533,0.0
2026-08-13 11:51:00,135.5155725104968,3369.5618755252426,2247.5427575674817,0.02112267499992533,0.0
2026-08-13 11:54:00,136.86313786801406,2947.1613282984504,2090.3557810900834,0.02112267499992533,0.0
2026-08-13 11:57:00,138.59091381118958,2575.6397734480324,1925.4611179938954,0.02112267499992533,0.0
2026-08-13 12:00:00,140.67836368283395,2249.632917661802,1759.3729618087555,0.02112267499992533,0.0
2026-08-13 12:03:00,142.81624016983827,1964.0334659751525,1596.8484832253466,0.02112267499992533,0.0
2026-08-13 12:06:00,144.63490589697926,1714.1263464050796,1441.1833777488087,0.02112267499992533,0.0
2026-08-13 12:09:00,145.7690578917093,1495.6381327786607,1294.512397658671,0.02112267499992533,0.0
2026-08-13 12:12:00,145.89271707001603,1304.740435706422,1158.0792406133355,0.02112267499992533,0.0
2026-08-13 12:15:00,144.89705000879962,1138.029599883712,1032.4636285878232,0.02112267499992533,0.0
2026-08-13 12:18:00,142.99681553480534,992.4951691517566,917.7648209500703,0.02112267499992533,0.0
2026-08-13 12:21:00,140.47977584568142,865.4840226604327,813.7457983789749,0.02112267499992533,0.0
2026-08-13 12:24:00,137.63475850914273,754.663952147107,719.9440759410984,0.02112267499992533,0.0
2026-08-13 12:27:00,134.74350644749268,657.9886759362844,635.7552442605161,0.02112267499992533,0.0
2026-08-13 12:30:00,132.04170060158492,573.6652769828142,560.4947814822198,0.02112267499992533,0.0
2026-08-13 12:33:00,129.69551622436344,500.1244799680951,493.442875049333,0.02112267499992533,0.0
2026-08-13 12:36:00,127.85552954968614,435.9938607106708,433.87615985177075,0.02112267499992533,0.0
2026-08-13 12:39:00,126.6720360839609,380.07390466348966,381.08951608235003,0.02112267499992533,0.0
2026-08-13 12:42:00,126.27149645260435,331.31673946294944,334.410412435314,0.02112267499992533,0.0
2026-08-13 12:45:00,126.63917988852558,288.8073240928104,293.2077339548385,0.02112267499992533,0.0
2026-08-13 12:48:00,127.5487532397739,251.74686345219348,256.89659079595765,0.02112267499992533,0.0
2026-08-13 12:51:00,128.72648321284925,219.4382196214736,224.9402508917547,0.02112267499992533,0.0
2026-08-13 12:54:00,129.89815740992032,191.27310252309186,196.8500613858363,0.02112267499992533,0.0
2026-08-13 12:57:00,130.80903719309663,166.72083855378833,172.18400690565875,0.02112267499992533,0.0
2026-08-13 13:00:00,131.3235759707596,145.31853348529629,150.5443852212515,0.02112267499992533,0.0
2026-08-13 13:03:00,131.48527115965217,1086.8153837587624,161.8065759865812,0.02112267499992533,23.333333333333332
2026-08-13 13:06:00,131.3810920360452,3594.2682959510694,389.08262610200126,2.354456008333259,0.0
2026-08-13 13:09:00,131.12032939101175,7251.739273124897,940.0799449802937,0.02112267499992533,0.0
2026-08-13 13:12:00,130.85910865411813,11726.66848181084,1851.1535760366464,0.02112267499992533,0.0
2026-08-13 13:15:00,130.80273623759308,16636.39508312685,3117.9255610098658,0.02112267499992533,0.0
2026-08-13 13:18:00,131.19286355706978,20476.474246493002,4610.816055116955,0.02112267499992533,0.0
2026-08-13 13:21:00,132.28232742964138,23121.741349726697,6076.264913180791,0.02112267499992533,0.0
2026-08-13 13:24:00,134.29163168336,24900.091370300575,7326.125424629625,0.02112267499992533,0.0
2026-08-13 13:27:00,137.68752919920482,26131.30347500556,8211.509143813251,0.02112267499992533,0.0
2026-08-13 13:30:00,142.37226246024184,27097.13526028546,8642.49391762746,0.02112267499992533,0.0
2026-08-13 13:33:00,146.75944678157612,27975.34327970936,8633.527339389893,0.02112267499992533,0.0
2026-08-13 13:36:00,150.8440790582752,28823.0061643525,8293.089093759474,0.02112267499992533,0.0
2026-08-13 13:39:00,154.58630482930022,29629.246465220294,7755.68323460718,0.02112267499992533,0.0
2026-08-13 13:42:00,157.9495475326176,30367.99472071558,7130.8782366691,0.02112267499992533,0.0
2026-08-13 13:45:00,160.92803196782918,31019.948505025226,6491.194206820028,0.02112267499992533,0.0
2026-08-13 13:48:00,163.55876347420724,31575.90203808001,5878.747923305813,0.02112267499992533,0.0
2026-08-13 13:51:00,165.92190905817858,32034.412334516343,5315.057172951337,0.02112267499992533,0.0
2026-08-13 13:54:00,168.13539636065912,32398.93863292097,4808.884820444039,0.02112267499992533,0.0
2026-08-13 13:57:00,170.3323693521799,32675.68182151543,4361.556480193444,0.02112267499992533,0.0
2026-08-13 14:00:00,172.58045240824737,32872.16177236694,3970.329235607718,0.02112267499992533,0.0
2026-08-13 14:03:00,174.8312749196044,32996.3358750308,3630.4493370703044,0.02112267499992533,0.0
2026-08-13 14:06:00,177.01690100001744,33056.074967204,3336.373094249309,0.02112267499992533,0.0
2026-08-13 14:09:00,179.0748809602821,33058.86603728588,3082.4664372929547,0.02112267499992533,0.0
2026-08-13 14:12:00,180.93918972800037,33011.6562262358,2863.384575963541,0.02112267499992533,0.0
2026-08-13 14:15:00,182.50741275212113,32920.78378689612,2674.2582553170764,0.02112267499992533,0.0
2026-08-13 14:18:00,183.62094467851568,32791.961752811556,2510.765436299913,0.02112267499992533,0.0
2026-08-13 14:21:00,184.10733151698577,32630.29276083203,2369.1372404980702,0.02112267499992533,0.0
2026-08-13 14:24:00,183.79214465043802,32440.301456502384,2246.1281915314794,0.02112267499992533,0.0
2026-08-13 14:27:00,182.54014128529735,32225.975950994365,2138.969000098631,0.02112267499992533,0.0
2026-08-13 14:30:00,180.46207402968056,31990.812997969257,2045.3127628541044,0.02112267499992533,0.0
2026-08-13 14:33:00,178.03885146109639,31737.86360206573,1963.1808436769618,0.02112267499992533,0.0
2026-08-13 14:36:00,175.83197008405813,31469.77708109828,1890.911855800585,0.02112267499992533,0.0
2026-08-13 14:39:00,174.40085459167813,31188.84244547472,1827.115420180697,0.02112267499992533,0.0
2026-08-13 14:42:00,174.2403291798076,30897.026496922597,1770.6313314904507,0.02112267499992533,0.0
2026-08-13 14:45:00,175.46656550153784,30596.00838999265,1720.4941590245603,0.02112267499992533,0.0
2026-08-13 14:48:00,177.62864678650647,30287.21061186668,1675.9029803850349,0.02112267499992533,0.0
2026-08-13 14:51:00,180.14871504623858,29971.826462741188,1636.1957857820776,0.02112267499992533,0.0
2026-08-13 14:54:00,182.44781887990257,29650.844189228446,1600.8280331013912,0.02112267499992533,0.0
2026-08-13 14:57:00,183.98175176089902,29325.06795565351,1569.3548361663575,0.02112267499992533,0.0
2026-08-13 15:00:00,184.4197476084021,28995.135845152785,1541.4163043245537,0.02112267499992533,0.0
2026-08-13 15:03:00,183.7517318642427,28661.535072082406,1516.7256043141083,0.02112267499992533,0.0
2026-08-13 15:06:00,182.03839300855617,28324.614564416403,1495.0593756257108,0.02112267499992533,0.0
2026-08-13 15:09:00,179.33982944184262,27984.59504245818,1476.2501928582244,0.02112267499992533,0.0
2026-08-13 15:12:00,175.7384669383166,27641.57667963608,1460.180830240989,0.02112267499992533,0.0
2026-08-13 15:15:00,171.4533489928304,27295.544382478554,1446.7801437834435,0.02112267499992533,0.0
2026-08-13 15:18:00,166.90873081362244,26946.370669011365,1436.0204459166873,0.02112267499992533,0.0
2026-08-13 15:21:00,162.5742175932598,26593.81605560411,1427.9163074979579,0.02112267499992533,0.0
2026-08-13 15:24:00,158.91912385688667,26237.526778228024,1422.524785012209,0.02112267499992533,0.0
2026-08-13 15:27:00,156.36479793227045,25877.029570137976,1419.947139991308,0.02112267499992533,0.0
2026-08-13 15:30:00,155.04605703207366,25511.72308706825,1420.3321974329135,0.02112267499992533,0.0
2026-08-13 15:33:00,154.66806476868737,25140.86540340849,1423.881586082016,0.02112267499992533,0.0
2026-08-13 15:36:00,154.84042657957912,24763.556785234297,1430.857223391546,0.02112267499992533,0.0
2026-08-13 15:39:00,155.17267723073905,24378.716660693284,1441.5915616516752,0.02112267499992533,0.0
2026-08-13 15:42:00,155.27432713971743,23985.053331648916,1456.5013117012745,0.02112267499992533,0.0
2026-08-13 15:45:00,154.75491270111286,23581.024473011832,1476.105621881631,0.02112267499992533,0.0
2026-08-13 15:48:00,153.22405254054436,23164.78581327712,1501.0500282868513,0.02112267499992533,0.0
2026-08-13 15:51:00,150.29151210092976,22734.124548544132,1532.1379183497754,0.02112267499992533,0.0
2026-08-13 15:54:00,145.56727961487363,22286.373001753094,1570.3717515493915,0.02112267499992533,0.0
2026-08-13 15:57:00,140.89136655139828,21818.296863318214,1617.0067818596708,0.02112267499992533,0.0
2026-08-13 16:00:00,139.5313220184593,21325.95131016258,1673.6202822344605,0.02112267499992533,0.0
2026-08-13 16:03:00,139.514700563582,20804.498189130933,1742.1986293118612,0.02112267499992533,0.0
2026-08-13 16:06:00,140.51790214389797,20247.98030192103,1825.2414564101932,0.02112267499992533,0.0
2026-08-13 16:09:00,142.2182806240446,19649.05951643071,1925.8726552476296,0.02112267499992533,0.0
2026-08-13 16:12:00,144.29441301087058,18998.75495698805,2047.923950519045,0.02112267499992533,0.0
2026-08-13 16:15:00,146.4264247590597,18286.288744393234,2195.901163242223,0.02112267499992533,0.0
2026-08-13 16:18:00,148.2963580429134,17499.29982821445,2374.6279338833824,0.02112267499992533,0.0
2026-08-13 16:21:00,149.58852708146597,16624.96390024056,2588.163753083262,0.02112267499992533,0.0
2026-08-13 16:24:00,149.98971122540638,15652.895755255304,2837.3920076765958,0.02112267499992533,0.0
2026-08-13 16:27:00,149.2426240063907,14580.616635385915,3115.9158230584585,0.02112267499992533,0.0
2026-08-13 16:30:00,147.4133936126787,13420.64620755244,3405.541358306635,0.02112267499992533,0.0
2026-08-13 16:33:00,145.049924864425,12204.547097356332,3675.6216548032608,0.02112267499992533,0.0
2026-08-13 16:36:00,142.8010088359522,10977.928236128675,3890.5677029608555,0.02112267499992533,0.0
2026-08-13 16:39:00,141.30367811520537,9787.3584094781,4022.57275172407,0.02112267499992533,0.0
2026-08-13 16:42:00,141.1173089952646,8668.439487915108,4060.1355979187992,0.02112267499992533,0.0
2026-08-13 16:45:00,142.41133533308084,7641.728192181047,4007.654164762808,0.02112267499992533,0.0
2026-08-13 16:48:00,144.78150517726186,6715.039360328058,3879.597195958885,0.02112267499992533,0.0
2026-08-13 16:51:00,147.69294933295922,5887.755088680696,3694.3571477804267,0.02112267499992533,0.0
2026-08-13 16:54:00,150.61073417423495,5154.532826353909,3470.099093410579,0.02112267499992533,0.0
2026-08-13 16:57:00,153.0406754307146,4507.788094338738,3222.658519230553,0.02112267499992533,0.0
2026-08-13 17:00:00,154.7145510798728,3939.1635398922976,2964.8146648284655,0.02112267499992533,0.0
2026-08-13 17:03:00,155.7008311648373,3440.3335852279556,2706.310991752797,0.02112267499992533,0.0
2026-08-13 17:06:00,156.1492386895923,3003.4144640945146,2454.2129160178256,0.02112267499992533,0.0
2026-08-13 17:09:00,156.2171374017283,2621.1509262319228,2213.375106567208,0.02112267499992533,0.0
2026-08-13 17:12:00,156.0749800577123,2286.980208842432,1986.905460944504,0.02112267499992533,0.0
2026-08-13 17:15:00,155.93733998194062,1995.0304636844596,1776.5769876870431,0.02112267499992533,0.0
2026-08-13 17:18:00,156.08106671108317,1740.0857220930689,1583.1720178107278,0.02112267499992533,0.0
2026-08-13 17:21:00,156.79917412918041,1517.5352806596904,1406.7591229567854,0.02112267499992533,0.0
2026-08-13 17:24:00,158.38703453075053,1323.3174003869697,1246.9099518569349,0.02112267499992533,0.0
2026-08-13 17:27:00,161.07983194902204,1153.8627052976365,1102.8654110429973,0.02112267499992533,0.0
2026-08-13 17:30:00,164.74312966921585,1006.0401126419287,973.6606187474111,0.02112267499992533,0.0
2026-08-13 17:33:00,168.68708764734083,877.106675381982,858.2171079795359,0.02112267499992533,0.0
2026-08-13 17:36:00,172.09837635381166,764.6618943594154,755.4094807514307,0.02112267499992533,0.0
2026-08-13 17:39:00,174.1634017247954,666.6065958052077,664.1124267077296,0.02112267499992533,0.0
2026-08-13 17:42:00,174.15261188845412,581.1062179029377,583.2328509532879,0.02112267499992533,0.0
2026-08-13 17:45:00,171.842929020729,506.5582205294023,511.7308552738728,0.02112267499992533,0.0
2026-08-13 17:48:00,167.7712050540139,441.56327406882355,448.6324890879947,0.02112267499992533,0.0
2026-08-13 17:51:00,162.64257294398607,384.89986624105836,393.0365169402366,0.02112267499992533,0.0
2026-08-13 17:54:00,157.16140168960607,335.5019723081943,344.11691655565664,0.02112267499992533,0.0
2026-08-13 17:57:00,151.98531679809037,292.4394531178025,301.12240264527543,0.02112267499992533,0.0
2026-08-13 18:00:00,147.49529092192637,254.90087079850724,263.37394562711785,0.02112267499992533,0.0
2026-08-13 18:03:00,143.6577188447062,222.17843972644917,230.2610027545673,0.02112267499992533,0.0
2026-08-13 18:06:00,140.3463652463928,193.65485839357916,201.2369863315456,0.02112267499992533,0.0
2026-08-13 18:09:00,137.4343838520636,168.79179475795408,175.81434704150917,0.02112267499992533,0.0
2026-08-13 18:12:00,134.79436532085282,147.1198228638358,153.55953968899462,0.02112267499992533,0.0
2026-08-13 18:15:00,132.2983852857286,128.2296316679045,134.08805569794924,0.02112267499992533,0.0
2026-08-13 18:18:00,129.81805132581562,111.76434799920774,117.05964510153905,0.02112267499992533,0.0
2026-08-13 18:21:00,127.22454802872474,97.41283444534298,102.17380545926315,0.02112267499992533,0.0
2026-08-13 18:24:00,124.38867959017438,84.90383980070946,89.16558223195032,0.02112267499992533,0.0
2026-08-13 18:27:00,121.4710594459097,74.00089467746639,77.80170160124632,0.02112267499992533,0.0
2026-08-13 18:30:00,118.94655787174578,64.49785812640054,67.87704020214595,0.02112267499992533,0.0
2026-08-13 18:33:00,116.77030322677837,56.215032806440426,59.2114249536601,0.02112267499992533,0.0
2026-08-13 18:36:00,114.9211970967271,48.9957765377613,51.64674875728268,0.02112267499992533,0.0
2026-08-13 18:39:00,113.37793004069327,42.703547124153665,45.044383246319015,0.02112267499992533,0.0
2026-08-13 18:42:00,112.1190068830707,37.21932527526526,39.282867226573885,0.02112267499992533,0.0
2026-08-13 18:45:00,111.12276945624993,32.43936742508844,34.25584835938139,0.02112267499992533,0.0
2026-08-13 18:48:00,110.36741697637348,28.273246344897007,29.87025556056818,0.02112267499992533,0.0
2026-08-13 18:51:00,109.83102423941804,24.642142789467467,26.044680195853672,0.02112267499992533,0.0
2026-08-13 18:54:00,109.49155782374898,21.477356086932318,22.707945203606414,0.02112267499992533,0.0
2026-08-13 18:57:00,109.32366382495687,18.719005666645305,19.797842594305084,0.02112267499992533,0.0
2026-08-13 19:00:00,109.28254733064554,16.31489908823792,17.26002123633304,0.02112267499992533,0.0
2026-08-13 19:03:00,109.29430372685792,14.219545252438381,15.047008350731577,0.02112267499992533,0.0
2026-08-13 19:06:00,109.27851522644568,12.393294196476115,13.117349641703616,0.02112267499992533,0.0
2026-08-13 19:09:00,109.15471293515958,10.801587253414722,11.434854443737311,0.02112267499992533,0.0
2026-08-13 19:12:00,108.85580881603587,9.41430342900486,9.967933643965535,0.02112267499992533,0.0
2026-08-13 19:15:00,108.39522378259073,8.205189659693287,8.689019424314301,0.02112267499992533,0.0
2026-08-13 19:18:00,107.90716641754733,7.151364194673587,7.574057054445815,0.02112267499992533,0.0
2026-08-13 19:21:00,107.55266826728442,6.232883722543956,6.602060051201997,0.02112267499992533,0.0
2026-08-13 19:24:00,107.49273981928314,5.432366064818129,5.754721004658408,0.02112267499992533,0.0
2026-08-13 19:27:00,107.86177093409623,4.734661306608552,5.016071258961604,0.02112267499992533,0.0
2026-08-13 19:30:00,108.63451676183126,4.126565148793418,4.372183433290648,0.02112267499992533,0.0
2026-08-13 19:33:00,109.54629020863517,3.5965690630103158,3.8109114809436186,0.02112267499992533,0.0
2026-08-13 19:36:00,110.27918901340894,3.1346425257824175,3.3216636194251334,0.02112267499992533,0.0
2026-08-13 19:39:00,110.51530497173823,2.732043214031725,2.8952040283526714,0.02112267499992533,0.0
2026-08-13 19:42:00,109.98482317472867,2.381151572533777,2.5234797116722185,0.02112267499992533,0.0
2026-08-13 19:45:00,108.7065102703157,2.075326624450503,2.1994693624574357,0.02112267499992533,0.0
2026-08-13 19:48:00,107.13200784376008,1.8087802976117597,1.91705145845523,0.02112267499992533,0.0
2026-08-13 19:51:00,105.80915236456818,1.576467889252634,1.670889160077526,0.02112267499992533,0.0
2026-08-13 19:54:00,105.28578156739204,1.3739925970544535,1.4563298848262745,0.02112267499992533,0.0
2026-08-13 19:57:00,106.03313915408488,1.197522310333339,1.2693176978125253,0.02112267499992533,0.0
2026-08-13 20:00:00,108.06289468943635,1.0437170870849466,1.106316891281252,0.02112267499992533,0.0
2026-08-13 20:03:00,110.69747963597388,955.3536918963351,35.947292156175685,0.02112267499992533,16.666666666666668
2026-08-13 20:06:00,113.1104259215215,3478.8988422888942,278.6149124880196,1.6877893416665921,0.0
2026-08-13 20:09:00,114.49776973667997,7150.745445018338,842.9255298544396,0.02112267499992533,0.0
2026-08-13 20:12:00,114.21331356540591,11194.337145814785,1761.8768455830614,0.02112267499992533,0.0
2026-08-13 20:15:00,112.32567384983648,14178.331547888605,2879.6306928785425,0.02112267499992533,0.0
2026-08-13 20:18:00,109.92558964828245,16244.77095925233,4002.220747859881,0.02112267499992533,0.0
2026-08-13 20:21:00,108.30398115342291,17628.399234665165,4991.691417267217,0.02112267499992533,0.0
2026-08-13 20:24:00,108.69786695917634,18558.09621954558,5738.497273376115,0.02112267499992533,0.0
2026-08-13 20:27:00,112.15900836302268,19248.458928896773,6164.123155399585,0.02112267499992533,0.0
2026-08-13 20:30:00,118.95464914472997,19854.90402122035,6254.668401663882,0.02112267499992533,0.0
2026-08-13 20:33:00,128.21822758826568,20442.376497627723,6073.031828746752,0.02112267499992533,0.0
2026-08-13 20:36:00,138.80994212699449,21011.612162765254,5717.681792420206,0.02112267499992533,0.0
2026-08-13 20:39:00,149.5845733497172,21542.82438876918,5276.858696492513,0.02112267499992533,0.0
2026-08-13 20:42:00,159.41479025702785,22018.657732945445,4811.869614179217,0.02112267499992533,0.0
2026-08-13 20:45:00,167.20338280551854,22429.457993447635,4359.497310730579,0.02112267499992533,0.0
2026-08-13 20:48:00,171.88567463563425,22772.1032181382,3939.2654852165433,0.02112267499992533,0.0
2026-08-13 20:51:00,172.4261679352075,23047.776982190426,3559.8182376381583,0.02112267499992533,0.0
2026-08-13 20:54:00,167.81286254602372,23260.165451126606,3223.3726064118987,0.02112267499992533,0.0
2026-08-13 20:57:00,161.2095470182097,23414.241989729726,2928.570218173077,0.02112267499992533,0.0
2026-08-13 21:00:00,158.28198346867381,23515.50493693897,2672.228525506051,0.02112267499992533,0.0
2026-08-13 21:03:00,155.0861496570618,23569.519075136614,2450.385025455633,0.02112267499992533,0.0
2026-08-13 21:06:00,151.75438791924515,23581.650650926073,2258.9002618224185,0.02112267499992533,0.0
2026-08-13 21:09:00,148.42149978489698,23556.923206876792,2093.7899250278806,0.02112267499992533,0.0
2026-08-13 21:12:00,145.2231147784755,23499.947942266266,1951.392949197372,0.02112267499992533,0.0
2026-08-13 21:15:00,142.29460344726235,23414.899493064222,1828.4421122525275,0.02112267499992533,0.0
2026-08-13 21:18:00,139.77039163585053,23305.518853717957,1722.0782856735843,0.02112267499992533,0.0
2026-08-13 21:21:00,137.7835616316899,23175.13195224224,1629.8336252389443,0.02112267499992533,0.0
2026-08-13 21:24:00,136.46565251109007,23026.67665638608,1549.5990870071737,0.02112267499992533,0.0
2026-08-13 21:27:00,135.9203140225731,22862.73368614128,1479.5854659722045,0.02112267499992533,0.0
2026-08-13 21:30:00,136.09192524843274,22685.558624832705,1418.283300724059,0.02112267499992533,0.0
2026-08-13 21:33:00,136.68682763061435,22497.11331982798,1364.424600606696,0.02112267499992533,0.0
2026-08-13 21:36:00,137.35739323009727,22299.095669099926,1316.9478898145062,0.02112267499992533,0.0
2026-08-13 21:39:00,137.75470483512456,22092.967241987673,1274.9671837324195,0.02112267499992533,0.0
2026-08-13 21:42:00,137.56580340542422,21879.97847041987,1237.7450001035215,0.02112267499992533,0.0
2026-08-13 21:45:00,136.6994302077786,21661.191327413588,1204.6692237356249,0.02112267499992533,0.0
2026-08-13 21:48:00,135.39751401653874,21437.49951954545,1175.2335009056992,0.02112267499992533,0.0
2026-08-13 21:51:00,133.97540697376687,21209.646283198563,1149.0207827641361,0.02112267499992533,0.0
2026-08-13 21:54:00,132.747732544574,20978.239906357067,1125.6896306935114,0.02112267499992533,0.0
2026-08-13 21:57:00,131.99946423953025,20743.767108795208,1104.9629186864545,0.02112267499992533,0.0
2026-08-13 22:00:00,131.84096186374364,20506.604410350392,1086.6186047758745,0.02112267499992533,0.0
2026-08-13 22:03:00,132.1210159980134,20267.027603816234,1070.4822872270925,0.02112267499992533,0.0
2026-08-13 22:06:00,132.62996825395402,20025.219428385477,1056.4213069465345,0.02112267499992533,0.0
2026-08-13 22:09:00,133.15778302924065,19781.275512824657,1044.340203011631,0.02112267499992533,0.0
2026-08-13 22:12:00,133.50765296978705,19535.208625016967,1034.1773725098194,0.02112267499992533,0.0
2026-08-13 22:15:00,133.56382458769127,19286.951225689365,1025.9028291349562,0.02112267499992533,0.0
2026-08-13 22:18:00,133.33230705065688,19036.356277751707,1019.5169981160914,0.02112267499992533,0.0
2026-08-13 22:21:00,132.84601451996534,18783.196206562872,1015.0505295629772,0.02112267499992533,0.0
2026-08-13 22:24:00,132.1376873233886,18527.159837387997,1012.5651603448424,0.02112267499992533,0.0
2026-08-13 22:27:00,131.23832214590695,18267.847049781853,1012.1557090349295,0.02112267499992533,0.0
2026-08-13 22:30:00,130.16919441148846,18004.760778344997,1013.9533530240392,0.02112267499992533,0.0
2026-08-13 22:33:00,128.93708356830254,17737.29584666343,1018.1304165881148,0.02112267499992533,0.0
2026-08-13 22:36:00,127.54551536106683,17464.72393467128,1024.9069999673538,0.02112267499992533,0.0
2026-08-13 22:39:00,125.99799717149065,17186.173733791387,1034.5599107005005,0.02112267499992533,0.0
2026-08-13 22:42:00,124.29784702885314,16900.605019265357,1047.4345297972418,0.02112267499992533,0.0
2026-08-13 22:45:00,122.44720455815957,16606.774941289765,1063.960468209001,0.02112267499992533,0.0
2026-08-13 22:48:00,120.44645815999158,16303.194281193171,1084.672152928471,0.02112267499992533,0.0
2026-08-13 22:51:00,118.29573403258433,15988.070720610407,1110.235825567357,0.02112267499992533,0.0
2026-08-13 22:54:00,115.99536790297807,15659.235352861735,1141.4848044573132,0.02112267499992533,0.0
2026-08-13 22:57:00,113.55261514448235,15314.047857739148,1179.4651298829551,0.02112267499992533,0.0
2026-08-13 23:00:00,111.01492244350675,14949.275374334089,1225.4935356633453,0.02112267499992533,0.0
2026-08-13 23:03:00,108.48995029605418,14560.941228778414,1281.2281994693017,0.02112267499992533,0.0
2026-08-13 23:06:00,106.09926457378,14144.144961193457,1348.7478515544944,0.02112267499992533,0.0
2026-08-13 23:09:00,103.96524373857574,13692.870664140128,1430.6218978321217,0.02112267499992533,0.0
2026-08-13 23:12:00,102.21129799933473,13199.839597101392,1529.9234443687792,0.02112267499992533,0.0
2026-08-13 23:15:00,100.96212419658572,12656.550039246,1650.070781523182,0.02112267499992533,0.0
2026-08-13 23:18:00,100.3439690758293,12053.81569287163,1794.2601246266233,0.02112267499992533,0.0
2026-08-13 23:21:00,100.48482062227092,11383.358389608005,1964.0929086115468,0.02112267499992533,0.0
2026-08-13 23:24:00,101.51434460847076,10641.110693401313,2157.0140862501703,0.02112267499992533,0.0
2026-08-13 23:27:00,103.28670083329328,9832.12608837238,2362.959697549024,0.02112267499992533,0.0
2026-08-13 23:30:00,105.326471048184,8974.657209118448,2562.5977264892776,0.02112267499992533,0.0
2026-08-13 23:33:00,107.58271470183765,8098.899059291289,2730.7462842574014,0.02112267499992533,0.0
2026-08-13 23:36:00,109.95679742057928,7238.935746406048,2844.9133913950955,0.02112267499992533,0.0
2026-08-13 23:39:00,112.33980686867633,6423.20612345042,2892.9866710770084,0.02112267499992533,0.0
2026-08-13 23:42:00,114.61180444634451,5669.708819787418,2874.8872548742797,0.02112267499992533,0.0
2026-08-13 23:45:00,116.64377966850401,4986.552648451805,2799.1872480110246,0.02112267499992533,0.0
2026-08-13 23:48:00,118.3013909244176,4374.863469984015,2678.514332353071,0.02112267499992533,0.0
2026-08-13 23:51:00,119.44906733474207,3831.6602762997372,2526.090169475161,0.02112267499992533,0.0
2026-08-13 23:54:00,119.95341331309176,3351.8972467980293,2353.8166203315386,0.02112267499992533,0.0
2026-08-13 23:57:00,119.71001110438473,2929.710609097566,2171.5042583521326,0.02112267499992533,0.0
2026-08-14 00:00:00,118.76723298420889,2559.1167888530435,1986.7584305627952,0.02112267499992533,0.0
2026-08-14 00:03:00,117.40012410262301,2234.376970070409,1805.1813004910377,0.02112267499992533,0.0
2026-08-14 00:06:00,115.93840346544548,1950.170565377875,1630.6920682643963,0.02112267499992533,0.0
2026-08-14 00:09:00,114.71676944840402,1701.6627846156157,1465.8638005887926,0.02112267499992533,0.0
2026-08-14 00:12:00,114.04474884547608,1484.5150867997847,1312.230703528503,0.02112267499992533,0.0
2026-08-14 00:15:00,114.05908252300046,1294.8659650125396,1170.5489886133107,0.02112267499992533,0.0
2026-08-14 00:18:00,114.63487008050456,1129.2973922973856,1041.0089361276791,0.02112267499992533,0.0
2026-08-14 00:21:00,115.59037606453548,984.7954329169121,923.4022333578606,0.02112267499992533,0.0
2026-08-14 00:24:00,116.74515016814047,858.7096789552749,817.251040508655,0.02112267499992533,0.0
2026-08-14 00:27:00,117.92170798543827,748.7139969097491,721.905609101513,0.02112267499992533,0.0
2026-08-14 00:30:00,118.95599470968526,652.7698332651263,636.6167482784365,0.02112267499992533,0.0
2026-08-14 00:33:00,119.70359449630705,569.0926262027958,560.5885665224404,0.02112267499992533,0.0
2026-08-14 00:36:00,120.02430427258196,496.12147503912655,493.0159863765649,0.02112267499992533,0.0
2026-08-14 00:39:00,119.7776258844436,432.49200075354617,433.11066410881244,0.02112267499992533,0.0
2026-08-14 00:42:00,118.84755620760937,377.0122160387415,380.11819402206817,0.02112267499992533,0.0
2026-08-14 00:45:00,117.2670364960475,328.6411686660424,333.3288489624327,0.02112267499992533,0.0
2026-08-14 00:48:00,115.29262422582963,286.4701023204608,292.0835973736308,0.02112267499992533,0.0
2026-08-14 00:51:00,113.23014288051779,249.70587941283853,255.7767285803016,0.02112267499992533,0.0
2026-08-14 00:54:00,111.38487293718421,217.65642175491968,223.8560955953326,0.02112267499992533,0.0
2026-08-14 00:57:00,110.03531575862624,189.71794201801686,195.82173306615755,0.02112267499992533,0.0
2026-08-14 01:00:00,109.301968914731,165.36375838090655,171.22341320311443,0.02112267499992533,0.0
2026-08-14 01:03:00,109.06860634259306,144.13450481744619,149.65755296672063,0.02112267499992533,0.0
2026-08-14 01:06:00,109.16605630470394,125.62956899081301,130.76377177270646,0.02112267499992533,0.0
2026-08-14 01:09:00,109.42473406155392,109.49960811462014,114.22131268448594,0.02112267499992533,0.0
2026-08-14 01:12:00,109.67903849630447,95.4400101166785,99.745475253385,0.02112267499992533,0.0
2026-08-14 01:15:00,109.78919752828364,83.18518288891717,87.08415989634472,0.02112267499992533,0.0
2026-08-14 01:18:00,109.65438769203047,72.50356832473035,76.01458809043437,0.02112267499992533,0.0
2026-08-14 01:21:00,109.1822288361013,63.19329029428196,66.34023669019427,0.02112267499992533,0.0
2026-08-14 01:24:00,108.28008851344809,55.07835678474444,57.88800599390234,0.02112267499992533,0.0
2026-08-14 01:27:00,106.87233863035081,48.00534624732724,50.505627989835645,0.02112267499992533,0.0
2026-08-14 01:30:00,104.98652872551898,41.840516863050716,44.059312115256546,0.02112267499992533,0.0
2026-08-14 01:33:00,102.80509773657644,36.467285079434944,38.43161979782676,0.02112267499992533,0.0
2026-08-14 01:36:00,100.5447867755154,31.784026489854227,33.51955521368708,0.02112267499992533,0.0
2026-08-14 01:39:00,98.42219839311315,27.702158028329062,29.232857477220637,0.02112267499992533,0.0
2026-08-14 01:42:00,96.65381337042434,24.144465628083964,25.492478413617977,0.02112267499992533,0.0
2026-08-14 01:45:00,95.45600578000278,21.04364602705988,22.229229811966118,0.02112267499992533,0.0
2026-08-14 01:48:00,95.04505644970675,18.341035373642928,19.382584356929335,0.02112267499992533,0.0
2026-08-14 01:51:00,95.63716496245253,15.985500759204351,16.899615101916897,0.02112267499992533,0.0
2026-08-14 01:54:00,97.44846032232228,13.932473841048092,14.734059237543207,0.02112267499992533,0.0
2026-08-14 01:57:00,99.4090367402519,12.143108373560532,12.845492926248257,0.02112267499992533,0.0
2026-08-14 02:00:00,99.84533787565721,10.583545784125583,11.19860504620055,0.02112267499992533,0.0
2026-08-14 02:03:00,100.27921059594536,9.22427495538064,9.762558765547704,0.02112267499992533,0.0
2026-08-14 02:06:00,100.74996187559657,8.039574143383607,8.510430918269371,0.02112267499992533,0.0
2026-08-14 02:09:00,101.29686555698078,7.007024504475838,7.4187201535859,0.02112267499992533,0.0
2026-08-14 02:12:00,101.95916737743863,6.107086050363508,6.4669157689162,0.02112267499992533,0.0
2026-08-14 02:15:00,102.77608937570857,5.322728026007537,5.637120004733031,0.02112267499992533,0.0
2026-08-14 02:18:00,103.7868337478935,4.639106730047293,4.913717375662568,0.02112267499992533,0.0
2026-08-14 02:21:00,105.03058621612968,4.043284691688909,4.283085336123703,0.02112267499992533,0.0
2026-08-14 02:24:00,106.54651896660013,3.5239858979101357,3.73334123304453,0.02112267499992533,0.0
2026-08-14 02:27:00,108.34882470226009,3.0713824450085285,3.254121086341208,0.02112267499992533,0.0
2026-08-14 02:30:00,110.30187633960625,2.6769085816539118,2.8363862642689477,0.02112267499992533,0.0
2026-08-14 02:33:00,112.0453234213343,2.333098627806469,2.4722545902177004,0.02112267499992533,0.0
2026-08-14 02:36:00,113.16887332277804,2.03344570481562,2.1548528348900984,0.02112267499992533,0.0
2026-08-14 02:39:00,113.26222970459736,1.7722786051918444,1.878187917879544,0.02112267499992533,0.0
2026-08-14 02:42:00,111.96759190706248,1.5446544733268428,1.6370344700791408,0.02112267499992533,0.0
2026-08-14 02:45:00,109.242146775822,1.346265267276124,1.4268366974614062,0.02112267499992533,0.0
2026-08-14 02:48:00,105.51556403174754,1.1733562322357365,1.2436227416309107,0.02112267499992533,0.0
2026-08-14 02:51:00,101.32250999178643,1.0226548434474214,1.0839299569007443,0.02112267499992533,0.0
2026-08-14 02:54:00,97.19765193080332,0.8913088742389519,0.9447397208915458,0.02112267499992533,0.0
2026-08-14 02:57:00,93.64021740144601,0.7768324174761858,0.8234205688798808,0.02112267499992533,0.0
2026-08-14 03:00:00,90.93678849231485,0.67705883913007,0.717678594116538,0.02112267499992533,0.0
2026-08-14 03:03:00,89.0549784953788,0.5900997737846271,0.6255141895886919,0.02112267499992533,0.0
2026-08-14 03:06:00,87.89152093865856,0.5143093862039002,0.5451843234373935,0.02112267499992533,0.0
2026-08-14 03:09:00,87.34315234436666,0.44825322269894213,0.47516964244968657,0.02112267499992533,0.0
2026-08-14 03:12:00,87.30855680863968,0.3906810628700952,0.414145787480364,0.02112267499992533,0.0
2026-08-14 03:15:00,87.69808797212491,0.3405032579863883,0.36095838288083065,0.02112267499992533,0.0
2026-08-14 03:18:00,88.43960223534492,0.29677010823355365,0.3146012303990196,0.02112267499992533,0.0
2026-08-14 03:21:00,89.46484835468581,0.25865388856246563,0.27419729778003854,0.02112267499992533,0.0
2026-08-14 03:24:00,90.70557880354473,0.22543318298629555,0.2389821445104657,0.02112267499992533,0.0
2026-08-14 03:27:00,92.08367935275453,0.19647923085730268,0.20828947275351598,0.02112267499992533,0.0
2026-08-14 03:30:00,93.4618167348969,0.17124402672671968,0.1815385313420561,0.02112267499992533,0.0
2026-08-14 03:33:00,94.61382723852428,0.1492499485755672,0.15822313545942154,0.02112267499992533,0.0
2026-08-14 03:36:00,95.29381002559538,0.1300807181268849,0.13790209497931866,0.02112267499992533,0.0
2026-08-14 03:39:00,95.25586806688116,0.11337352215857757,0.12019087091427377,0.02112267499992533,0.0
2026-08-14 03:42:00,94.32734087976712,0.09881214570758806,0.10475430252538959,0.02112267499992533,0.0
2026-08-14 03:45:00,92.77496830064742,0.08612098720590472,0.0913002678018946,0.02112267499992533,0.0
2026-08-14 03:48:00,91.52458872782033,0.07505984227950097,0.07957415760130157,0.02112267499992533,0.0
2026-08-14 03:51:00,91.64850974873106,0.06541935748844127,0.06935405907688076,0.02112267499992533,0.0
2026-08-14 03:54:00,94.21904256667459,0.0570170679653295,0.06044655739441887,0.02112267499992533,0.0
2026-08-14 03:57:00,100.16867427356341,0.04969394395982205,0.052683076404495176,0.02112267499992533,0.0
2026-08-14 04:00:00,109.59092943300809,0.04331138092835528,0.0459166891080753,0.02112267499992533,0.0
2026-08-14 04:03:00,121.32088700391003,0.037748576202687234,0.04001933762247952,0.02112267499992533,0.0
2026-08-14 04:06:00,133.9139739778212,0.03290024258718552,0.034879410088037216,0.02112267499992533,0.0
2026-08-14 04:09:00,145.9256206569427,0.02867461561153449,0.030399628698246466,0.02112267499992533,0.0
2026-08-14 04:12:00,155.91126058796252,0.024991716723264955,0.02649520891460777,0.02112267499992533,0.0
2026-08-14 04:15:00,162.42633049528692,0.021781839548471602,0.023092255052115724,0.02112267499992533,0.0
2026-08-14 04:18:00,164.02627021400696,0.01898423057091061,0.02012636188908448,0.02112267499992533,0.0
2026-08-14 04:21:00,159.26652262288957,0.016545939259309982,0.01754139584974554,0.02112267499992533,0.0
2026-08-14 04:24:00,146.70253357763968,0.014420815879727713,0.01528843270319014,0.02112267499992533,0.0
2026-08-14 04:27:00,134.6657298493669,0.012568638024962567,0.013324831681862076,0.02112267499992533,0.0
2026-08-14 04:30:00,135.2678629272467,0.010954349329154248,0.011613428502656472,0.02112267499992533,0.0
2026-08-14 04:33:00,135.56776070540027,0.009547395958995508,0.010121832022517603,0.02112267499992533,0.0
2026-08-14 04:36:00,135.60493758951964,0.00832114832353672,0.008821811220636083,0.02112267499992533,0.0
2026-08-14 04:39:00,135.4189106387936,0.0072523970574552505,0.007688760907976355,0.02112267499992533,0.0
2026-08-14 04:42:00,135.04919950412867,0.006320913738412613,0.006701236054191463,0.02112267499992533,0.0
2026-08-14 04:45:00,134.53532636752925,0.005509068024306089,0.0058405459201076905,0.02112267499992533,0.0
2026-08-14 04:48:00,133.91681588268574,0.004801493964066906,0.0050904003154598415,0.02112267499992533,0.0
2026-08-14 04:51:00,133.23319511680754,0.00418479916634387,0.004436601287781694,0.02112267499992533,0.0
2026-08-14 04:54:00,132.52399349372746,0.0036473113215669947,0.003866774407962288,0.02112267499992533,0.0
2026-08-14 04:57:00,131.81442857468434,0.0031788572798644296,0.003370134567220772,0.02112267499992533,0.0
2026-08-14 05:00:00,131.04383518596148,0.002770570503477361,0.002937281853286187,0.02112267499992533,0.0
2026-08-14 05:03:00,130.02272287504843,0.0024147232493556023,0.002560023642755669,0.02112267499992533,0.0
2026-08-14 05:06:00,128.53297500420882,0.0021045803056787176,0.0022312195427027872,0.02112267499992533,0.0
2026-08-14 05:09:00,126.35647702728733,0.0018342715139918946,0.001944646246999648,0.02112267499992533,0.0
2026-08-14 05:12:00,123.3196124033689,0.001598680664197678,0.0016948797496856374,0.02112267499992533,0.0
2026-08-14 05:15:00,119.51574236287426,0.0013933486595302357,0.0014771926861879261,0.02112267499992533,0.0
2026-08-14 05:18:00,115.43869374932055,0.0012143891187242658,0.001287464859489525,0.02112267499992533,0.0
2026-08-14 05:21:00,111.67128723438755,0.0010584148179863194,0.001122105257864469,0.02112267499992533,0.0
2026-08-14 05:24:00,108.79634534815489,0.0009224735805403152,0.0009779840882807914,0.02112267499992533,0.0
2026-08-14 05:27:00,107.32502577024258,0.0008039924003318004,0.0008523735391223504,0.02112267499992533,0.0
2026-08-14 05:30:00,107.33848795864591,0.0007007287423216699,0.0007428961510872151,0.02112267499992533,0.0
2026-08-14 05:33:00,108.27289311144021,0.0006107280976312796,0.0006474798191114323,0.02112267499992533,0.0
2026-08-14 05:36:00,109.42107078826518,0.000532286990185078,0.0005643185736641451,0.02112267499992533,0.0
2026-08-14 05:39:00,110.07585220355926,0.00046392073467753137,0.0004918383991410675,0.02112267499992533,0.0
2026-08-14 05:42:00,109.60029459331847,0.0004043353356186292,0.00042866744241551447,0.02112267499992533,0.0
2026-08-14 05:45:00,107.77880319968693,0.0003524029955901071,0.0003736100476951297,0.02112267499992533,0.0
2026-08-14 05:48:00,105.02780444815158,0.00030714076915629114,0.0003256241262506731,0.02112267499992533,0.0
2026-08-14 05:51:00,101.90417508371362,0.0002676919584107979,0.00028380143269989266,0.02112267499992533,0.0
2026-08-14 05:54:00,98.96479332901171,0.00023330989803123215,0.00024735037454029734,0.02112267499992533,0.0
2026-08-14 05:57:00,96.7192724143962,0.0002033438229402754,0.00021558102957027102,0.02112267499992533,0.0
2026-08-14 06:00:00,95.39362835940436,0.00017722655108916828,0.00018789208762584356,0.02112267499992533,0.0
2026-08-14 06:03:00,94.78848062985844,0.00015446374823407046,0.0001637594694808414,0.02112267499992533,0.0
2026-08-14 06:06:00,94.60991716955765,0.00013462457151864176,0.00014272640750172198,0.02112267499992533,0.0
2026-08-14 06:09:00,94.56402724592144,0.0001173335147725085,0.00012439480031418713,0.02112267499992533,0.0
2026-08-14 06:12:00,94.37939946656432,0.00010226330118055458,0.00010841767785193355,0.02112267499992533,0.0
2026-08-14 06:15:00,93.91961197617124,8.912868880132966e-05,9.449263417354976e-05,0.02112267499992533,0.0
2026-08-14 06:18:00,93.25072656436349,7.768107169066824e-05,8.235610375059646e-05,0.02112267499992533,0.0
2026-08-14 06:21:00,92.48380232548388,6.770377444494136e-05,7.177837289399231e-05,0.02112267499992533,0.0
2026-08-14 06:24:00,91.72989954349579,5.900795110288375e-05,6.255923189980812e-05,0.02112267499992533,0.0
2026-08-14 06:27:00,91.10053127302066,5.142901078363984e-05,5.4524185622345865e-05,0.02112267499992533,0.0
2026-08-14 06:30:00,90.70992134380107,4.4823502408310315e-05,4.752115075173334e-05,0.02112267499992533,0.0
2026-08-14 06:33:00,90.67635915442906,3.906639954139787e-05,4.141757728508273e-05,0.02112267499992533,0.0
2026-08-14 06:36:00,91.11903840980114,3.4048733961691876e-05,3.609793970897646e-05,0.02112267499992533,0.0
2026-08-14 06:39:00,92.15715388762855,2.9675533172577773e-05,3.1461550408558706e-05,0.02112267499992533,0.0
2026-08-14 06:42:00,93.90990141691525,2.5864022814478874e-05,2.742065391730879e-05,0.02112267499992533,0.0
2026-08-14 06:45:00,96.49647785700472,2.2542059955992643e-05,2.389876593705858e-05,0.02112267499992533,0.0
2026-08-14 06:48:00,100.03608107717861,1.964676761015945e-05,2.0829225690585778e-05,0.02112267499992533,0.0
2026-08-14 06:51:00,104.64790993678952,1.7123344630941117e-05,1.8153934206886285e-05,0.02112267499992533,0.0
2026-08-14 06:54:00,110.45116426591173,1.4924028464445917e-05,1.5822254658393526e-05,0.02112267499992533,0.0
2026-08-14 06:57:00,111.64995219689817,1.3007191122547572e-05,1.3790053936580222e-05,0.02112267499992533,0.0
2026-08-14 07:00:00,103.02651259711567,1.1336551268090399e-05,1.2018867325627277e-05,0.02112267499992533,0.0
2026-08-14 07:03:00,97.46892730680297,9.880487498532282e-06,1.0475170463723456e-05,0.02112267499992533,0.0
2026-08-14 07:06:00,94.44370277611719,8.611439830300322e-06,9.129744812222995e-06,0.02112267499992533,0.0
2026-08-14 07:09:00,93.41734633640988,7.505388055528552e-06,7.957124622722051e-06,0.02112267499992533,0.0
2026-08-14 07:12:00,93.85636618366256,6.5413970978296905e-06,6.935114934637016e-06,0.02112267499992533,0.0
2026-08-14 07:15:00,95.22727136233719,5.701220761869869e-06,6.0443714802824355e-06,0.02112267499992533,0.0
2026-08-14 07:18:00,96.99657174962883,4.968956376752835e-06,5.268034546181954e-06,0.02112267499992533,0.0
2026-08-14 07:21:00,98.63077804010763,4.330743796499686e-06,4.5914098605829336e-06,0.02112267499992533,0.0
2026-08-14 07:24:00,99.59640173073825,3.774503060477207e-06,4.001690467227037e-06,0.02112267499992533,0.0
2026-08-14 07:27:00,99.41725392024914,3.2897057483546215e-06,3.4877143211821843e-06,0.02112267499992533,0.0
2026-08-14 07:30:00,97.96093936479247,2.8671757019207004e-06,3.039753018665953e-06,0.02112267499992533,0.0
2026-08-14 07:33:00,95.61075290597917,2.498915341927153e-06,2.649327662068298e-06,0.02112267499992533,0.0
2026-08-14 07:36:00,92.86458775940716,2.1779542925749557e-06,2.3090483749811824e-06,0.02112267499992533,0.0
2026-08-14 07:39:00,90.22033787343216,1.898217448483227e-06,2.0124744296706643e-06,0.02112267499992533,0.0
2026-08-14 07:42:00,88.14423453039066,1.6544099869776338e-06,1.753992339566747e-06,0.02112267499992533,0.0
2026-08-14 07:45:00,86.91252940481107,1.4419171492659274e-06,1.5287096093754038e-06,0.02112267499992533,0.0
2026-08-14 07:48:00,86.51650439357638,1.2567168936061568e-06,1.3323621317751602e-06,0.02112267499992533,0.0
2026-08-14 07:51:00,86.88411530465983,1.095303767206404e-06,1.161233477953611e-06,0.02112267499992533,0.0
2026-08-14 07:54:00,87.94331861699268,9.546225559371989e-07,1.01208455435854e-06,0.02112267499992533,0.0
2026-08-14 07:57:00,89.61251943617027,8.32010456007135e-07,8.820922942436439e-07,0.02112267499992533,0.0
2026-08-14 08:00:00,91.75281131932695,7.251466730520659e-07,7.687962235945267e-07,0.02112267499992533,0.0
2026-08-14 08:03:00,94.13944491133941,954.4028371056479,35.017399815498116,0.02112267499992533,15.0
2026-08-14 08:06:00,96.53285852468457,3478.0643610847824,277.8009480256715,1.5211226749999254,0.0
2026-08-14 08:09:00,98.71599331423019,7150.014969697578,842.2113428743888,0.02112267499992533,0.0
2026-08-14 08:12:00,100.53535428527962,10676.853947783879,1735.3225324751807,0.02112267499992533,0.0
2026-08-14 08:15:00,101.98463303439408,13191.614087176833,2764.5200174067304,0.02112267499992533,0.0
2026-08-14 08:18:00,103.22367230622467,14919.772801907457,3770.02955512035,0.02112267499992533,0.0
2026-08-14 08:21:00,104.41727997943534,16070.600985949804,4634.449668580756,0.02112267499992533,0.0
2026-08-14 08:24:00,105.67752355748587,16849.23049680336,5263.637633710472,0.02112267499992533,0.0
2026-08-14 08:27:00,107.05915707250003,17443.142823671482,5594.848981400792,0.02112267499992533,0.0
2026-08-14 08:30:00,108.5759292291551,17978.899659760893,5628.44536973245,0.02112267499992533,0.0
2026-08-14 08:33:00,110.2205263250178,18501.96313267132,5430.527024090903,0.02112267499992533,0.0
2026-08-14 08:36:00,111.96549823580092,19007.00094162319,5090.925106270962,0.02112267499992533,0.0
2026-08-14 08:39:00,113.78280658104184,19475.38152503538,4685.619405026316,0.02112267499992533,0.0
2026-08-14 08:42:00,115.6623186233602,19892.384455064705,4265.778735505366,0.02112267499992533,0.0
2026-08-14 08:45:00,117.61617222913625,20250.33071939617,3861.4329079356644,0.02112267499992533,0.0
2026-08-14 08:48:00,119.6768028978081,20547.13012188774,3488.120912189642,0.02112267499992533,0.0
2026-08-14 08:51:00,121.90018455122403,20784.279844078013,3152.3740100680993,0.02112267499992533,0.0
2026-08-14 08:54:00,124.3624962384315,20965.323597347826,2855.459908150836,0.02112267499992533,0.0
2026-08-14 08:57:00,127.13692252098808,21094.831426688874,2595.7565577930573,0.02112267499992533,0.0
2026-08-14 09:00:00,130.19964302744557,21177.765544929112,2370.200730894328,0.02112267499992533,0.0
2026-08-14 09:03:00,133.37252571252554,21219.10133739016,2175.146713833801,0.02112267499992533,0.0
2026-08-14 09:06:00,136.44554783605793,21223.610068860886,2006.8584073378947,0.02112267499992533,0.0
2026-08-14 09:09:00,139.21058096631197,21195.742237784485,1861.7770422964,0.02112267499992533,0.0
2026-08-14 09:12:00,141.4600265723943,21139.572889590996,1736.653518332898,0.02112267499992533,0.0
2026-08-14 09:15:00,142.98591731877113,21058.78458872684,1628.6006439993762,0.02112267499992533,0.0
2026-08-14 09:18:00,143.57935899598152,20956.672796289135,1535.0994248171446,0.02112267499992533,0.0
2026-08-14 09:21:00,143.0302141262782,20836.16406667839,1453.9803442448626,0.02112267499992533,0.0
2026-08-14 09:24:00,141.12695200900396,20699.84103906579,1383.3923391087299,0.02112267499992533,0.0
2026-08-14 09:27:00,139.25959808550016,20549.970453707403,1321.7670270708822,0.02112267499992533,0.0
2026-08-14 09:30:00,139.56889517592253,20388.531859119463,1267.782543332368,0.02112267499992533,0.0
2026-08-14 09:33:00,140.17072468392425,20217.245595595738,1220.3293658263979,0.02112267499992533,0.0
2026-08-14 09:36:00,140.94810515329786,20037.599230685628,1178.4793004715978,0.02112267499992533,0.0
2026-08-14 09:39:00,141.7829358318827,19850.872000345953,1141.458075523816,0.02112267499992533,0.0
2026-08-14 09:42:00,142.55610696404733,19658.157049828522,1108.6215760960404,0.02112267499992533,0.0
2026-08-14 09:45:00,143.14760671725423,19460.38141855068,1079.4355217636685,0.02112267499992533,0.0
2026-08-14 09:48:00,143.4366216807989,19258.323803977095,1053.4582788565597,0.02112267499992533,0.0
2026-08-14 09:51:00,143.3016293656148,19052.63019096786,1030.3264582284673,0.02112267499992533,0.0
2026-08-14 09:54:00,142.62048211845692,18843.827458244657,1009.7429497293489,0.02112267499992533,0.0
2026-08-14 09:57:00,141.305338004006,18632.335081193432,991.4670680005239,0.02112267499992533,0.0
2026-08-14 10:00:00,139.4770056145749,18418.475045725107,975.306519340123,0.02112267499992533,0.0
2026-08-14 10:03:00,137.56957039488617,18202.480074887073,961.1109395701418,0.02112267499992533,0.0
2026-08-14 10:06:00,136.08645915965508,17984.500250430534,948.766794331008,0.02112267499992533,0.0
2026-08-14 10:09:00,135.53077625870486,17764.608086622062,938.1934741912223,0.02112267499992533,0.0
2026-08-14 10:12:00,136.34612206158442,17542.802083414063,929.3404567949393,0.02112267499992533,0.0
2026-08-14 10:15:00,138.62051272628923,17319.00875011061,922.1854472461577,0.02112267499992533,0.0
2026-08-14 10:18:00,141.90874357339231,17093.083047593973,916.7334469533871,0.02112267499992533,0.0
2026-08-14 10:21:00,145.64698554650275,16864.807144915594,913.0167416981176,0.02112267499992533,0.0
2026-08-14 10:24:00,149.27126149014668,16633.887321535072,911.0958437789085,0.02112267499992533,0.0
2026-08-14 10:27:00,152.24350098060737,16399.948765378183,911.0614734262638,0.02112267499992533,0.0
2026-08-14 10:30:00,154.1817034093126,16162.527913213178,913.037724843895,0.02112267499992533,0.0
2026-08-14 10:33:00,154.93804634951968,15921.061845460052,917.1866368874731,0.02112267499992533,0.0
2026-08-14 10:36:00,154.4167217386546,15674.874071483318,923.7144836456309,0.02112267499992533,0.0
2026-08-14 10:39:00,152.52190990254468,15423.155809179678,932.8802238381528,0.02112267499992533,0.0
2026-08-14 10:42:00,149.2031982758048,15164.941555792364,945.0067094729995,0.02112267499992533,0.0
2026-08-14 10:45:00,144.68255453898414,14899.077343494724,960.4954638424723,0.02112267499992533,0.0
2026-08-14 10:48:00,139.59052953654776,14624.179551639621,979.8461043093603,0.02112267499992533,0.0
2026-08-14 10:51:00,134.6485903602661,14338.581497269792,1003.6818019835058,0.02112267499992533,0.0
2026-08-14 10:54:00,130.57840137452473,14040.26427748115,1032.7824977356331,0.02112267499992533,0.0
2026-08-14 10:57:00,128.02608557147977,13726.76763848715,1068.1277970078684,0.02112267499992533,0.0
2026-08-14 11:00:00,127.18327184724811,13395.076437947504,1110.9511778571646,0.02112267499992533,0.0
2026-08-14 11:03:00,127.5597791907442,13041.479697303013,1162.8054549225997,0.02112267499992533,0.0
2026-08-14 11:06:00,128.51440494115735,12661.405083926451,1225.634194980559,0.02112267499992533,0.0
2026-08-14 11:09:00,129.40670775878408,12249.248238445438,1301.8301680303146,0.02112267499992533,0.0
2026-08-14 11:12:00,129.65845165826994,11798.256990441698,1394.2300337513802,0.02112267499992533,0.0
2026-08-14 11:15:00,129.06004094855797,11300.619386333527,1505.9271259708976,0.02112267499992533,0.0
2026-08-14 11:18:00,127.95447436756834,10748.070657012531,1639.664362791695,0.02112267499992533,0.0
2026-08-14 11:21:00,126.80881207459416,10133.555431493345,1796.4311279579986,0.02112267499992533,0.0
2026-08-14 11:24:00,126.09157287887865,9454.497682308296,1972.9713447771153,0.02112267499992533,0.0
2026-08-14 11:27:00,126.22835416538652,8717.32417845433,2158.801288829597,0.02112267499992533,0.0
2026-08-14 11:30:00,127.38181561316699,7940.596545428104,2335.224601282721,0.02112267499992533,0.0
2026-08-14 11:33:00,129.3178722828844,7152.7433666835295,2479.3802503611723,0.02112267499992533,0.0
2026-08-14 11:36:00,131.70801115263558,6384.1038769677125,2572.2717320222273,0.02112267499992533,0.0
2026-08-14 11:39:00,134.21418256471478,5658.793324324047,2604.937583409372,0.02112267499992533,0.0
2026-08-14 11:42:00,136.4885556978893,4991.332684178759,2578.948936328433,0.02112267499992533,0.0
2026-08-14 11:45:00,138.1756363725382,4387.724045087844,2502.93674493888,0.02112267499992533,0.0
2026-08-14 11:48:00,138.91577372428367,3848.1719339992433,2388.540774512009,0.02112267499992533,0.0
2026-08-14 11:51:00,138.34878837712768,3369.5618755263513,2247.542757567853,0.02112267499992533,0.0
2026-08-14 11:54:00,136.11686683275389,2947.16132829932,2090.355781090439,0.02112267499992533,0.0
2026-08-14 11:57:00,134.0253362215908,2575.6397734487327,1925.4611179942297,0.02112267499992533,0.0
2026-08-14 12:00:00,134.71103694779111,2249.6329176624085,1759.3729618090829,0.02112267499992533,0.0
2026-08-14 12:03:00,135.2918087958181,1964.0334659756552,1596.8484832256468,0.02112267499992533,0.0
2026-08-14 12:06:00,135.80763153921362,1714.1263464055376,1441.1833777491051,0.02112267499992533,0.0
2026-08-14 12:09:00,136.30281946411466,1495.6381327790432,1294.5123976589366,0.02112267499992533,0.0
2026-08-14 12:12:00,136.8252992555573,1304.7404357067858,1158.0792406136031,0.02112267499992533,0.0
2026-08-14 12:15:00,137.4258738410288,1138.0295998840134,1032.4636285880556,0.02112267499992533,0.0
2026-08-14 12:18:00,138.15753421313892,992.495169152025,917.7648209502862,0.02112267499992533,0.0
2026-08-14 12:21:00,139.07485160177396,865.4840226606565,813.7457983791616,0.02112267499992533,0.0
2026-08-14 12:24:00,140.2334626176819,754.663952147295,719.9440759412602,0.02112267499992533,0.0
2026-08-14 12:27:00,141.66712160546496,657.9886759364502,635.7552442606626,0.02112267499992533,0.0
2026-08-14 12:30:00,143.27473521893629,573.6652769829647,560.4947814823556,0.02112267499992533,0.0
2026-08-14 12:33:00,144.7525258586472,500.1244799682355,493.4428750494623,0.02112267499992533,0.0
2026-08-14 12:36:00,145.75152163664166,435.9938607107889,433.87615985188154,0.02112267499992533,0.0
2026-08-14 12:39:00,145.92246989178386,380.07390466359556,381.089516082451,0.02112267499992533,0.0
2026-08-14 12:42:00,144.96156219445766,331.31673946302163,334.4104124353837,0.02112267499992533,0.0
2026-08-14 12:45:00,142.8394736442179,288.80732409287606,293.20773395490244,0.02112267499992533,0.0
2026-08-14 12:48:00,139.93878936356288,251.74686345225592,256.8965907960191,0.02112267499992533,0.0
2026-08-14 12:51:00,136.73325260581447,219.43821962151895,224.9402508917998,0.02112267499992533,0.0
2026-08-14 12:54:00,133.69612746922496,191.27310252312975,196.85006138587428,0.02112267499992533,0.0
2026-08-14 12:57:00,131.26128865456445,166.72083855382328,172.18400690569402,0.02112267499992533,0.0
2026-08-14 13:00:00,129.6286242099707,145.3185334853297,150.54438522128544,0.02112267499992533,0.0
2026-08-14 13:03:00,128.64729816952,1086.815383758524,161.80657598659752,0.02112267499992533,23.333333333333332
2026-08-14 13:06:00,128.0922201699999,3594.2682959502663,389.08262610190127,2.354456008333259,0.0
2026-08-14 13:09:00,127.76062136290334,7251.739273123134,940.0799449799443,0.02112267499992533,0.0
2026-08-14 13:12:00,127.50775928033659,11726.668481808707,1851.1535760360794,0.02112267499992533,0.0
2026-08-14 13:15:00,127.30522218778512,16636.39508312554,3117.925561009402,0.02112267499992533,0.0
2026-08-14 13:18:00,127.26166779005948,20476.474246492362,4610.816055116706,0.02112267499992533,0.0
2026-08-14 13:21:00,127.51932267851444,23121.74134972583,6076.264913180368,0.02112267499992533,0.0
2026-08-14 13:24:00,128.18808049728395,24900.09137029943,7326.12542462884,0.02112267499992533,0.0
2026-08-14 13:27:00,129.32673183570623,26131.303475004697,8211.50914381246,0.02112267499992533,0.0
2026-08-14 13:30:00,131.03278259906762,27097.13526028472,8642.493917626607,0.02112267499992533,0.0
2026-08-14 13:33:00,133.5069053960032,27975.343279708708,8633.527339389106,0.02112267499992533,0.0
2026-08-14 13:36:00,136.92302338359954,28823.006164351988,8293.0890937588,0.02112267499992533,0.0
2026-08-14 13:39:00,141.42020776954698,29629.246465219956,7755.683234606561,0.02112267499992533,0.0
2026-08-14 13:42:00,147.09401975503175,30367.994720715178,7130.878236668694,0.02112267499992533,0.0
2026-08-14 13:45:00,153.79010040007236,31019.948505024942,6491.194206819651,0.02112267499992533,0.0
2026-08-14 13:48:00,160.97579073175555,31575.902038079737,5878.74792330556,0.02112267499992533,0.0
2026-08-14 13:51:00,168.06801206904612,32034.41233451622,5315.0571729510175,0.02112267499992533,0.0
2026-08-14 13:54:00,174.5214360719233,32398.93863292074,4808.8848204439455,0.02112267499992533,0.0
2026-08-14 13:57:00,179.8539660426707,32675.681821515198,4361.556480193461,0.02112267499992533,0.0
2026-08-14 14:00:00,183.80606509964448,32872.16177236672,3970.329235607821,0.02112267499992533,0.0
2026-08-14 14:03:00,186.434319136908,32996.33587503066,3630.449337070359,0.02112267499992533,0.0
2026-08-14 14:06:00,187.871775486584,33056.07496720389,3336.3730942493153,0.02112267499992533,0.0
2026-08-14 14:09:00,188.25696822997907,33058.866037285814,3082.4664372929606,0.02112267499992533,0.0
2026-08-14 14:12:00,187.73102084788326,33011.656226235755,2863.384575963557,0.02112267499992533,0.0
2026-08-14 14:15:00,186.4356540487894,32920.78378689608,2674.258255317062,0.02112267499992533,0.0
2026-08-14 14:18:00,184.51187758286576,32791.961752811534,2510.7654362999015,0.02112267499992533,0.0
2026-08-14 14:21:00,182.09918146676614,32630.292760831995,2369.137240498046,0.02112267499992533,0.0
2026-08-14 14:24:00,179.3350811238017,32440.301456502326,2246.128191531446,0.02112267499992533,0.0
2026-08-14 14:27:00,176.97369937854916,32225.975950994267,2138.9690000985834,0.02112267499992533,0.0
2026-08-14 14:30:00,176.159840215916,31990.81299796908,2045.3127628540371,0.02112267499992533,0.0
2026-08-14 14:33:00,176.4653403074277,31737.863602065547,1963.180843676904,0.02112267499992533,0.0
2026-08-14 14:36:00,177.69700564466496,31469.777081098062,1890.9118558005264,0.02112267499992533,0.0
2026-08-14 14:39:00,179.65957268134136,31188.842445474518,1827.115420180651,0.02112267499992533,0.0
2026-08-14 14:42:00,182.15604632973708,30897.02649692238,1770.631331490408,0.02112267499992533,0.0
2026-08-14 14:45:00,184.9879288546689,30596.00838999243,1720.4941590245235,0.02112267499992533,0.0
2026-08-14 14:48:00,187.95535978380602,30287.210611866492,1675.9029803850076,0.02112267499992533,0.0
2026-08-14 14:51:00,190.8572536845808,29971.826462740995,1636.195785782053,0.02112267499992533,0.0
2026-08-14 14:54:00,193.49143114705936,29650.844189228268,1600.8280331013718,0.02112267499992533,0.0
2026-08-14 14:57:00,195.6511682658363,29325.06795565341,1569.354836166347,0.02112267499992533,0.0
2026-08-14 15:00:00,197.10744739327842,28995.13584515266,1541.4163043245428,0.02112267499992533,0.0
2026-08-14 15:03:00,197.59834133415916,28661.53507208239,1516.7256043141067,0.02112267499992533,0.0
2026-08-14 15:06:00,196.85410783296157,28324.61456441644,1495.0593756257122,0.02112267499992533,0.0
2026-08-14 15:09:00,194.60441447040785,27984.595042458164,1476.2501928582226,0.02112267499992533,0.0
2026-08-14 15:12:00,190.63194177779903,27641.576679636113,1460.1808302409897,0.02112267499992533,0.0
2026-08-14 15:15:00,185.04010177306216,27295.544382478496,1446.7801437834407,0.02112267499992533,0.0
2026-08-14 15:18:00,178.41368886939625,26946.370669011314,1436.0204459166855,0.02112267499992533,0.0
2026-08-14 15:21:00,171.4442187187715,26593.816055604024,1427.9163074979558,0.02112267499992533,0.0
2026-08-14 15:24:00,164.82291629992716,26237.526778228,1422.5247850122084,0.02112267499992533,0.0
2026-08-14 15:27:00,159.1959582284368,25877.029570138013,1419.9471399913082,0.02112267499992533,0.0
2026-08-14 15:30:00,154.94049701457106,25511.72308706836,1420.3321974329135,0.02112267499992533,0.0
2026-08-14 15:33:00,152.03029208415032,25140.865403408694,1423.8815860820134,0.02112267499992533,0.0
2026-08-14 15:36:00,150.3493803665975,24763.556785234552,1430.8572233915406,0.02112267499992533,0.0
2026-08-14 15:39:00,149.781728131671,24378.716660693615,1441.5915616516645,0.02112267499992533,0.0
2026-08-14 15:42:00,150.19041097579938,23985.053331649236,1456.5013117012609,0.02112267499992533,0.0
2026-08-14 15:45:00,151.3133324586123,23581.02447301215,1476.1056218816138,0.02112267499992533,0.0
2026-08-14 15:48:00,152.70068134350598,23164.785813277518,1501.0500282868259,0.02112267499992533,0.0
2026-08-14 15:51:00,153.86106054976457,22734.124548544576,1532.1379183497415,0.02112267499992533,0.0
2026-08-14 15:54:00,154.30329580075042,22286.37300175361,1570.3717515493445,0.02112267499992533,0.0
2026-08-14 15:57:00,153.59347542206865,21818.296863318727,1617.0067818596162,0.02112267499992533,0.0
2026-08-14 16:00:00,151.6398045655867,21325.951310163284,1673.6202822343748,0.02112267499992533,0.0
2026-08-14 16:03:00,148.86358914798421,20804.498189131693,1742.1986293117552,0.02112267499992533,0.0
2026-08-14 16:06:00,145.80076925120616,20247.980301921845,1825.241456410066,0.02112267499992533,0.0
2026-08-14 16:09:00,142.98823887535923,19649.059516431473,1925.8726552474961,0.02112267499992533,0.0
2026-08-14 16:12:00,140.92279161957023,18998.754956989003,2047.923950518858,0.02112267499992533,0.0
2026-08-14 16:15:00,139.8548282235762,18286.2887443942,2195.9011632420143,0.02112267499992533,0.0
2026-08-14 16:18:00,139.66475418018345,17499.29982821559,2374.6279338831155,0.02112267499992533,0.0
2026-08-14 16:21:00,140.15259992564233,16624.963900241786,2588.1637530829544,0.02112267499992533,0.0
2026-08-14 16:24:00,141.12086102906912,15652.895755256824,2837.3920076762024,0.02112267499992533,0.0
2026-08-14 16:27:00,142.3795017186997,14580.616635387405,3115.915823058077,0.02112267499992533,0.0
2026-08-14 16:30:00,143.7711077531475,13420.646207553902,3405.5413583062864,0.02112267499992533,0.0
2026-08-14 16:33:00,145.18385183308385,12204.547097357925,3675.6216548029415,0.02112267499992533,0.0
2026-08-14 16:36:00,146.5098618636676,10977.92823613043,3890.567702960602,0.02112267499992533,0.0
2026-08-14 16:39:00,147.62950725464566,9787.358409479526,4022.5727517239666,0.02112267499992533,0.0
2026-08-14 16:42:00,148.40799407112684,8668.43948791646,4060.135597918812,0.02112267499992533,0.0
2026-08-14 16:45:00,148.6955436797504,7641.728192182398,4007.6541647629374,0.02112267499992533,0.0
2026-08-14 16:48:00,148.33112825559778,6715.039360329227,3879.5971959590993,0.02112267499992533,0.0
2026-08-14 16:51:00,147.14808866812817,5887.755088681723,3694.3571477807013,0.02112267499992533,0.0
2026-08-14 16:54:00,144.97970139516525,5154.532826354653,3470.0990934108368,0.02112267499992533,0.0
2026-08-14 16:57:00,145.00728464925487,4507.788094339355,3222.658519230812,0.02112267499992533,0.0
2026-08-14 17:00:00,149.83659239541737,3939.1635398928897,2964.8146648287543,0.02112267499992533,0.0
2026-08-14 17:03:00,151.67929912950277,3440.3335852284663,2706.3109917530774,0.02112267499992533,0.0
2026-08-14 17:06:00,151.03123401706333,3003.414464094933,2454.2129160180784,0.02112267499992533,0.0
2026-08-14 17:09:00,148.3958670247223,2621.1509262322525,2213.3751065674232,0.02112267499992533,0.0
2026-08-14 17:12:00,144.28332200172403,2286.9802088426677,1986.9054609446682,0.02112267499992533,0.0
2026-08-14 17:15:00,139.20923234911595,1995.0304636846977,1776.576987687219,0.02112267499992533,0.0
2026-08-14 17:18:00,133.69359112553724,1740.0857220933087,1583.1720178109135,0.02112267499992533,0.0
2026-08-14 17:21:00,128.25968540452797,1517.5352806598862,1406.7591229569437,0.02112267499992533,0.0
2026-08-14 17:24:00,123.43316068007329,1323.3174003871286,1246.9099518570672,0.02112267499992533,0.0
2026-08-14 17:27:00,119.69908459925938,1153.8627052977802,1102.8654110431207,0.02112267499992533,0.0
2026-08-14 17:30:00,117.29056653369236,1006.0401126420317,973.6606187475018,0.02112267499992533,0.0
2026-08-14 17:33:00,116.06180623155507,877.1066753820729,858.2171079796176,0.02112267499992533,0.0
2026-08-14 17:36:00,115.78273476469141,764.6618943594984,755.4094807515071,0.02112267499992533,0.0
2026-08-14 17:39:00,116.22301865022928,666.6065958052928,664.1124267078093,0.02112267499992533,0.0
2026-08-14 17:42:00,117.14534681077579,581.1062179029843,583.2328509533323,0.02112267499992533,0.0
2026-08-14 17:45:00,118.27276361045637,506.558220529451,511.7308552739198,0.02112267499992533,0.0
2026-08-14 17:48:00,119.26906527197487,441.56327406887135,448.6324890880414,0.02112267499992533,0.0
2026-08-14 17:51:00,119.78428948912125,384.8998662411088,393.0365169402862,0.02112267499992533,0.0
2026-08-14 17:54:00,119.46770997463632,335.5019723082336,344.1169165556956,0.02112267499992533,0.0
2026-08-14 17:57:00,118.03007877212025,292.4394531178458,301.1224026453187,0.02112267499992533,0.0
2026-08-14 18:00:00,115.55482612433323,254.90087079855167,263.3739456271624,0.02112267499992533,0.0
2026-08-14 18:03:00,112.68480099846042,222.17843972648987,230.26100275460837,0.02112267499992533,0.0
2026-08-14 18:06:00,110.18666593073283,193.65485839360912,201.23698633157596,0.02112267499992533,0.0
2026-08-14 18:09:00,108.82647248466989,168.79179475797937,175.81434704153486,0.02112267499992533,0.0
2026-08-14 18:12:00,109.27184519977067,147.11982286386197,153.55953968902134,0.02112267499992533,0.0
2026-08-14 18:15:00,111.60270992384667,128.2296316679302,134.0880556979756,0.02112267499992533,0.0
2026-08-14 18:18:00,115.0177489614245,111.76434799923187,117.05964510156389,0.02112267499992533,0.0
2026-08-14 18:21:00,118.51949372998834,97.41283444536438,102.17380545928526,0.02112267499992533,0.0
2026-08-14 18:24:00,121.1100952444732,84.9038398007272,89.16558223196871,0.02112267499992533,0.0
2026-08-14 18:27:00,121.8895993646237,74.00089467748285,77.80170160126343,0.02112267499992533,0.0
2026-08-14 18:30:00,120.54716084614611,64.49785812641345,67.87704020215942,0.02112267499992533,0.0
2026-08-14 18:33:00,117.65578350205513,56.21503280645149,59.21142495367166,0.02112267499992533,0.0
2026-08-14 18:36:00,113.98470298524629,48.99577653776958,51.64674875729134,0.02112267499992533,0.0
2026-08-14 18:39:00,110.302943916376,42.703547124162164,45.04438324632793,0.02112267499992533,0.0
2026-08-14 18:42:00,107.32088309063556,37.21932527527344,39.28286722658246,0.02112267499992533,0.0
2026-08-14 18:45:00,105.39796179174783,32.43936742509508,34.25584835938835,0.02112267499992533,0.0
2026-08-14 18:48:00,104.36731991068744,28.273246344903804,29.870255560575313,0.02112267499992533,0.0
2026-08-14 18:51:00,103.94504874338267,24.642142789473862,26.044680195860387,0.02112267499992533,0.0
2026-08-14 18:54:00,103.84713136546482,21.47735608693742,22.70794520361178,0.02112267499992533,0.0
2026-08-14 18:57:00,103.81065241856717,18.719005666649373,19.79784259430937,0.02112267499992533,0.0
2026-08-14 19:00:00,103.69978784079109,16.31489908824114,17.260021236336428,0.02112267499992533,0.0
2026-08-14 19:03:00,103.56940232663,14.219545252441186,15.047008350734536,0.02112267499992533,0.0
2026-08-14 19:06:00,103.51669149812844,12.393294196478449,13.117349641706085,0.02112267499992533,0.0
2026-08-14 19:09:00,103.63879986906,10.801587253416667,11.434854443739368,0.02112267499992533,0.0
2026-08-14 19:12:00,104.03282854138527,9.414303429006448,9.967933643967216,0.02112267499992533,0.0
2026-08-14 19:15:00,104.79584195801942,8.205189659694586,8.689019424315672,0.02112267499992533,0.0
2026-08-14 19:18:00,106.02487381734292,7.151364194674613,7.574057054446899,0.02112267499992533,0.0
2026-08-14 19:21:00,107.81693224458695,6.232883722544748,6.602060051202836,0.02112267499992533,0.0
2026-08-14 19:24:00,110.26900430561079,5.432366064818871,5.754721004659197,0.02112267499992533,0.0
2026-08-14 19:27:00,109.9980629861746,4.734661306609058,5.016071258962141,0.02112267499992533,0.0
2026-08-14 19:30:00,104.0422500508343,4.126565148793892,4.372183433291151,0.02112267499992533,0.0
2026-08-14 19:33:00,100.1598282558963,3.596569063010696,3.810911480944022,0.02112267499992533,0.0
2026-08-14 19:36:00,98.02461008167168,3.134642525782719,3.321663619425453,0.02112267499992533,0.0
2026-08-14 19:39:00,97.31040206495237,2.7320432140320374,2.8952040283530027,0.02112267499992533,0.0
2026-08-14 19:42:00,97.69100671509699,2.3811515725340624,2.5234797116725214,0.02112267499992533,0.0
2026-08-14 19:45:00,98.84022416148763,2.075326624450741,2.1994693624576875,0.02112267499992533,0.0
2026-08-14 19:48:00,100.4318535657158,1.8087802976119982,1.9170514584554834,0.02112267499992533,0.0
2026-08-14 19:51:00,102.13969432793125,1.5764678892528614,1.6708891600777673,0.02112267499992533,0.0
2026-08-14 19:54:00,103.637547113295,1.3739925970547018,1.4563298848265376,0.02112267499992533,0.0
2026-08-14 19:57:00,104.6212089006687,1.1975223103335477,1.2693176978127465,0.02112267499992533,0.0
2026-08-14 20:00:00,104.91844461150873,1.0437170870851238,1.1063168912814394,0.02112267499992533,0.0
2026-08-14 20:03:00,104.55509418456109,955.353691896011,35.947292156146624,0.02112267499992533,16.666666666666668
2026-08-14 20:06:00,103.60527871708743,3478.8988422884972,278.61491248794886,1.6877893416665921,0.0
2026-08-14 20:09:00,102.16562357400792,7150.74544501787,842.9255298543289,0.02112267499992533,0.0
2026-08-14 20:12:00,100.39034165530362,11194.337145814054,1761.876845582859,0.02112267499992533,0.0
2026-08-14 20:15:00,98.54738714944546,14178.331547888281,2879.6306928784857,0.02112267499992533,0.0
2026-08-14 20:18:00,97.02522782510704,16244.770959251742,4002.220747859668,0.02112267499992533,0.0
2026-08-14 20:21:00,96.21215505407244,17628.399234664244,4991.691417266649,0.02112267499992533,0.0
2026-08-14 20:24:00,96.44255860601923,18558.096219544674,5738.497273375391,0.02112267499992533,0.0
2026-08-14 20:27:00,97.95717329830134,19248.45892889587,6164.123155398819,0.02112267499992533,0.0
2026-08-14 20:30:00,100.76183072207593,19854.904021219678,6254.668401663272,0.02112267499992533,0.0
2026-08-14 20:33:00,104.55297844060627,20442.3764976272,6073.0318287462605,0.02112267499992533,0.0
2026-08-14 20:36:00,108.93702887371202,21011.612162764603,5717.681792419981,0.02112267499992533,0.0
2026-08-14 20:39:00,113.51497653252443,21542.824388768837,5276.858696492203,0.02112267499992533,0.0
2026-08-14 20:42:00,117.91790773598791,22018.657732945267,4811.86961417886,0.02112267499992533,0.0
2026-08-14 20:45:00,121.88025035406815,22429.457993447602,4359.497310730154,0.02112267499992533,0.0
2026-08-14 20:48:00,125.27879686046063,22772.10321813816,3939.265485216194,0.02112267499992533,0.0
2026-08-14 20:51:00,128.043925166482,23047.776982190255,3559.818237638053,0.02112267499992533,0.0
2026-08-14 20:54:00,130.12951086540554,23260.16545112644,3223.372606411868,0.02112267499992533,0.0
2026-08-14 20:57:00,131.51905171306387,23414.24198972962,2928.570218172994,0.02112267499992533,0.0
2026-08-14 21:00:00,132.28080558163407,23515.504936938865,2672.228525506047,0.02112267499992533,0.0
2026-08-14 21:03:00,132.59978451097842,23569.519075136544,2450.3850254556114,0.02112267499992533,0.0
2026-08-14 21:06:00,132.68996344579026,23581.65065092602,2258.9002618223944,0.02112267499992533,0.0
2026-08-14 21:09:00,132.7677765362963,23556.92320687674,2093.7899250278388,0.02112267499992533,0.0
2026-08-14 21:12:00,133.0291940643763,23499.947942266223,1951.39294919734,0.02112267499992533,0.0
2026-08-14 21:15:00,133.54217611992877,23414.89949306423,1828.4421122525562,0.02112267499992533,0.0
2026-08-14 21:18:00,134.1821112633929,23305.518853717967,1722.0782856735996,0.02112267499992533,0.0
2026-08-14 21:21:00,134.780460754194,23175.131952242198,1629.8336252389156,0.02112267499992533,0.0
2026-08-14 21:24:00,135.16714263356243,23026.676656386036,1549.5990870071498,0.02112267499992533,0.0
2026-08-14 21:27:00,135.1869860444708,22862.73368614125,1479.5854659721892,0.02112267499992533,0.0
2026-08-14 21:30:00,134.78235208155073,22685.558624832694,1418.283300724051,0.02112267499992533,0.0
2026-08-14 21:33:00,134.04276813027013,22497.11331982803,1364.4246006067049,0.02112267499992533,0.0
2026-08-14 21:36:00,133.0893930621607,22299.09566910003,1316.947889814524,0.02112267499992533,0.0
2026-08-14 21:39:00,132.04209646808653,22092.967241987782,1274.9671837324358,0.02112267499992533,0.0
2026-08-14 21:42:00,131.01958181447878,21879.978470419945,1237.7450001035295,0.02112267499992533,0.0
2026-08-14 21:45:00,130.13950713591436,21661.191327413657,1204.6692237356312,0.02112267499992533,0.0
2026-08-14 21:48:00,129.5185993702463,21437.4995195455,1175.2335009057035,0.02112267499992533,0.0
2026-08-14 21:51:00,129.27276024115267,21209.646283198566,1149.020782764134,0.02112267499992533,0.0
2026-08-14 21:54:00,129.5171627919612,20978.239906357034,1125.6896306935073,0.02112267499992533,0.0
2026-08-14 21:57:00,128.59734673189755,20743.767108795215,1104.9629186864545,0.02112267499992533,0.0
2026-08-14 22:00:00,125.51110267860516,20506.60441035032,1086.618604775869,0.02112267499992533,0.0
2026-08-14 22:03:00,124.97442077928761,20267.02760381611,1070.482287227084,0.02112267499992533,0.0
2026-08-14 22:06:00,126.37705424265567,20025.219428385324,1056.4213069465256,0.02112267499992533,0.0
2026-08-14 22:09:00,129.1083790637459,19781.27551282443,1044.3402030116206,0.02112267499992533,0.0
2026-08-14 22:12:00,132.5574431849177,19535.208625016683,1034.1773725098085,0.02112267499992533,0.0
2026-08-14 22:15:00,136.113010605822,19286.951225689012,1025.9028291349453,0.02112267499992533,0.0
2026-08-14 22:18:00,139.1636012681349,19036.3562777513,1019.5169981160822,0.02112267499992533,0.0
2026-08-14 22:21:00,141.09752750557843,18783.196206562432,1015.0505295629711,0.02112267499992533,0.0
2026-08-14 22:24:00,141.30292782042093,18527.159837387495,1012.5651603448395,0.02112267499992533,0.0
2026-08-14 22:27:00,139.27482710004887,18267.847049781332,1012.155709034931,0.02112267499992533,0.0
2026-08-14 22:30:00,135.15030912727147,18004.76077834439,1013.9533530240462,0.02112267499992533,0.0
2026-08-14 22:33:00,130.0296319426557,17737.295846662768,1018.1304165881286,0.02112267499992533,0.0
2026-08-14 22:36:00,125.22705993715871,17464.723934670656,1024.906999967373,0.02112267499992533,0.0
2026-08-14 22:39:00,122.05683914122119,17186.173733790787,1034.5599107005248,0.02112267499992533,0.0
2026-08-14 22:42:00,121.67287094861284,16900.605019264738,1047.4345297972739,0.02112267499992533,0.0
2026-08-14 22:45:00,124.26694663097882,16606.774941289077,1063.960468209044,0.02112267499992533,0.0
2026-08-14 22:48:00,128.58770865748187,16303.194281192615,1084.672152928513,0.02112267499992533,0.0
2026-08-14 22:51:00,133.06322672377846,15988.070720609872,1110.2358255674048,0.02112267499992533,0.0
2026-08-14 22:54:00,136.12178005648548,15659.235352861158,1141.4848044573725,0.02112267499992533,0.0
2026-08-14 22:57:00,136.3517101681233,15314.047857738598,1179.46512988302,0.02112267499992533,0.0
2026-08-14 23:00:00,133.3004057118274,14949.275374333354,1225.4935356634446,0.02112267499992533,0.0
2026-08-14 23:03:00,127.95375289049471,14560.941228777563,1281.228199469432,0.02112267499992533,0.0
2026-08-14 23:06:00,121.61782855942423,14144.144961192473,1348.7478515546643,0.02112267499992533,0.0
2026-08-14 23:09:00,115.5995221654866,13692.870664139007,1430.6218978323377,0.02112267499992533,0.0
2026-08-14 23:12:00,111.10408496388541,13199.839597100268,1529.9234443690189,0.02112267499992533,0.0
2026-08-14 23:15:00,108.72203520364027,12656.55003924466,1650.070781523492,0.02112267499992533,0.0
2026-08-14 23:18:00,108.12141158129978,12053.815692869952,1794.2601246270387,0.02112267499992533,0.0
2026-08-14 23:21:00,108.7666541538089,11383.358389606236,1964.0929086120047,0.02112267499992533,0.0
2026-08-14 23:24:00,110.12388076535984,10641.110693399565,2157.014086250626,0.02112267499992533,0.0
2026-08-14 23:27:00,111.69356561812029,9832.126088370687,2362.9596975494437,0.02112267499992533,0.0
2026-08-14 23:30:00,113.17551395995659,8974.657209116755,2562.5977264896433,0.02112267499992533,0.0
2026-08-14 23:33:00,114.56591574995335,8098.899059289551,2730.7462842576892,0.02112267499992533,0.0
2026-08-14 23:36:00,115.9203434351713,7238.935746404265,2844.91339139527,0.02112267499992533,0.0
2026-08-14 23:39:00,117.2840914995374,6423.206123448881,2892.986671077037,0.02112267499992533,0.0
2026-08-14 23:42:00,118.68370806066545,5669.708819785882,2874.887254874176,0.02112267499992533,0.0
2026-08-14 23:45:00,120.09034874045352,4986.552648450296,2799.1872480107904,0.02112267499992533,0.0
2026-08-14 23:48:00,121.40035712067657,4374.86346998227,2678.5143323526504,0.02112267499992533,0.0
2026-08-14 23:51:00,122.49340731480703,3831.6602762981906,2526.0901694746635,0.02112267499992533,0.0
2026-08-14 23:54:00,123.25134873488128,3351.897246796785,2353.8166203310443,0.02112267499992533,0.0
2026-08-14 23:57:00,123.57229211021357,2929.710609096332,2171.504258351557,0.02112267499992533,0.0
2026-08-15 00:00:00,123.43083908328504,2559.116788851958,1986.7584305622179,0.02112267499992533,0.0
